date,event_time,year,month,equipment_category,equipment_id,fuel_liter,status_text,source_sheet,source_file,source_row,source_event_key,data_status,issue_code
2026-10-09,14:45:41,2026,10,HEAD_TRUCK,159,104.11,online,N/A,ujb_dashboard_scrape,1,fafd44392e470d4712118911b31f9c62bdf666fe,VALID,
2026-10-09,14:12:16,2026,10,HEAD_TRUCK,195,112.39,online,N/A,ujb_dashboard_scrape,2,82200f01da5bcc754b599412d8439ce9eca82447,VALID,
2026-10-09,13:58:44,2026,10,FORKLIFT,28,18.49,online,N/A,ujb_dashboard_scrape,3,4c57fea865fbfb35efc935edc8d66931e4d0c34e,VALID,
2026-10-09,13:56:16,2026,10,KEND_OPS,RANGGA 01,25.6,online,N/A,ujb_dashboard_scrape,4,2d810317f04d5c4f5c634687f17bd77d07af6540,VALID,
2026-10-09,13:47:01,2026,10,KEND_OPS,RANGGA 04,26.21,online,N/A,ujb_dashboard_scrape,5,a24e35f435e5eebdf0caa90ca3563355b049a7c2,VALID,
2026-10-09,13:33:39,2026,10,HEAD_TRUCK,201,152.72,online,N/A,ujb_dashboard_scrape,6,bc3b23759f0cf2d5c81e292095d1cc20e692db42,VALID,
2026-10-09,13:23:35,2026,10,HEAD_TRUCK,95,95.19,online,N/A,ujb_dashboard_scrape,7,ac872f06b6aae55ebeaaaebdcec6a1861b7f5236,VALID,
2026-10-09,13:20:54,2026,10,HEAD_TRUCK,149,83.47,online,N/A,ujb_dashboard_scrape,8,7215a49fc325ead76a481a2c44399af9d1ad0830,VALID,
2026-10-09,10:57:15,2026,10,HEAD_TRUCK,194,86.55,online,N/A,ujb_dashboard_scrape,9,84ec4e8277c983131fb6f3aa394c9cd0fd7dfcbf,VALID,
2026-10-09,10:55:15,2026,10,KEND_OPS,B 1146 UIX,21.61,online,N/A,ujb_dashboard_scrape,10,82d4e8896f9aa56ab680a59038c13a6cbeb87fc5,VALID,
2026-10-09,10:52:09,2026,10,HEAD_TRUCK,140,88.73,online,N/A,ujb_dashboard_scrape,11,d06340cdbf8fa83989cbedba3db0a36328533c2d,VALID,
2026-10-09,10:49:52,2026,10,HEAD_TRUCK,153,74.24,online,N/A,ujb_dashboard_scrape,12,c6d036380eab5194f6cf452a51a3637e83224eb6,VALID,
2026-10-09,10:47:54,2026,10,HEAD_TRUCK,186,33.63,online,N/A,ujb_dashboard_scrape,13,c0eb512d356bf1deafc721983f3034e7d46f0cea,VALID,
2026-10-09,10:45:59,2026,10,HEAD_TRUCK,156,84.0,online,N/A,ujb_dashboard_scrape,14,ffdbce24b6c8f28000ed58112b0356ab6ac8bbce,VALID,
2026-10-09,10:43:40,2026,10,HEAD_TRUCK,188,63.14,online,N/A,ujb_dashboard_scrape,15,9b5f39983c14cb491765446bb04a5c946033e98d,VALID,
2026-10-09,10:42:06,2026,10,HEAD_TRUCK,208,55.61,online,N/A,ujb_dashboard_scrape,16,a1b5bd026ff801ad8dafc717c0c1215ca5a27d14,VALID,
2026-10-09,10:40:00,2026,10,HEAD_TRUCK,137,92.91,online,N/A,ujb_dashboard_scrape,17,6293f8cd96d252b96762ab730b41407513c9ddf6,VALID,
2026-10-09,10:37:20,2026,10,HEAD_TRUCK,137,66.3,online,N/A,ujb_dashboard_scrape,18,85276f9be979054aba7d136af74144c76ea07bb9,VALID,
2026-10-09,10:34:06,2026,10,HEAD_TRUCK,136,77.15,online,N/A,ujb_dashboard_scrape,19,4cb438729419e974de96cb46b28b92f0a6708ce6,VALID,
2026-10-09,10:30:03,2026,10,HEAD_TRUCK,134,93.41,online,N/A,ujb_dashboard_scrape,20,7a2ed3f6dc8e1913d99e921c2c2371e045550950,VALID,
2026-10-09,10:27:32,2026,10,HEAD_TRUCK,175,67.27,online,N/A,ujb_dashboard_scrape,21,fb11199f5ee28a6202bea64273e1df9882d5048f,VALID,
2026-10-09,10:25:20,2026,10,HEAD_TRUCK,170,124.9,online,N/A,ujb_dashboard_scrape,22,8c8b1fc208cfb8e1e37efb809e9903db67f98afc,VALID,
2026-10-09,10:22:17,2026,10,HEAD_TRUCK,216,83.62,online,N/A,ujb_dashboard_scrape,23,06a0f1714ed49daccc5acca024ac2a55ed6193f2,VALID,
2026-10-09,10:19:55,2026,10,HEAD_TRUCK,197,73.34,online,N/A,ujb_dashboard_scrape,24,79572004228444d462266569b3072e19c3ab8018,VALID,
2026-10-09,10:17:13,2026,10,HEAD_TRUCK,205,79.31,online,N/A,ujb_dashboard_scrape,25,efca760accf95df0d033dfc4c12032552fd74988,VALID,
2026-10-09,10:15:13,2026,10,HEAD_TRUCK,183,95.88,online,N/A,ujb_dashboard_scrape,26,21cbf3ddb14e603be816fb4ba219520ae412e1c3,VALID,
2026-10-09,10:12:22,2026,10,HEAD_TRUCK,142,81.25,online,N/A,ujb_dashboard_scrape,27,22cb235272db6980cccf91a0008df5adf26c1624,VALID,
2026-10-09,10:08:28,2026,10,HEAD_TRUCK,206,76.78,online,N/A,ujb_dashboard_scrape,28,d49f01bb0c35ef955a84d1e82c88abbb859bba0b,VALID,
2026-10-09,10:06:17,2026,10,HEAD_TRUCK,152,91.34,online,N/A,ujb_dashboard_scrape,29,dc40543c0fe2f9b817a9a216e76ef7d585a51294,VALID,
2026-10-09,10:04:18,2026,10,HEAD_TRUCK,145,108.86,online,N/A,ujb_dashboard_scrape,30,50a5dbd9ba4905f1808c87fdfea8f667f85d8769,VALID,
2026-10-09,10:00:59,2026,10,HEAD_TRUCK,184,71.84,online,N/A,ujb_dashboard_scrape,31,c4dabe92d372145983e7a4083dbc36e7d3beb5ea,VALID,
2026-10-09,09:58:06,2026,10,BUS,03,44.17,online,N/A,ujb_dashboard_scrape,32,a324c2e528c6534d889be7e06649de0e260b3232,VALID,
2026-10-09,09:55:45,2026,10,HEAD_TRUCK,212,94.69,online,N/A,ujb_dashboard_scrape,33,95f8e256c0a076c4a97339ab5370e78420593cc5,VALID,
2026-10-09,09:52:29,2026,10,HEAD_TRUCK,150,85.25,online,N/A,ujb_dashboard_scrape,34,eea7209cf9eb3897c92d8c95c182742946aaa41c,VALID,
2026-10-09,09:51:38,2026,10,HEAD_TRUCK,135,82.62,online,N/A,ujb_dashboard_scrape,35,278013ae2bd07854f60a755b9feeef1eb4969360,VALID,
2026-10-09,09:49:01,2026,10,HEAD_TRUCK,215,114.79,online,N/A,ujb_dashboard_scrape,36,400192f4144b34eb02891bb05ad617839be98ef1,VALID,
2026-10-09,09:48:29,2026,10,HEAD_TRUCK,179,67.4,online,N/A,ujb_dashboard_scrape,37,2e86ded550765d33ce1e4f91f95b7be88fe910d4,VALID,
2026-10-09,09:45:50,2026,10,HEAD_TRUCK,155,103.91,online,N/A,ujb_dashboard_scrape,38,bf1d2c5e5258c81527fca793c218064c7ae5d24b,VALID,
2026-10-09,09:44:43,2026,10,HEAD_TRUCK,182,64.36,online,N/A,ujb_dashboard_scrape,39,c109123e46ee4f9c03af08f6af97fd69f1b7d1c1,VALID,
2026-10-09,09:42:10,2026,10,HEAD_TRUCK,133,83.23,online,N/A,ujb_dashboard_scrape,40,e69c1b5b5233d911b4c7c4a325b27a9f22b602a4,VALID,
2026-10-09,09:40:07,2026,10,HEAD_TRUCK,211,73.93,online,N/A,ujb_dashboard_scrape,41,68475af9c06261c127f85d7d5018dc22dc537896,VALID,
2026-10-09,09:39:14,2026,10,HEAD_TRUCK,171,33.76,online,N/A,ujb_dashboard_scrape,42,926034dad0acf0f396252e1962035d605e65381a,VALID,
2026-10-09,09:37:59,2026,10,HEAD_TRUCK,165,69.63,online,N/A,ujb_dashboard_scrape,43,75afaf33252823d337f89c223302b4a6844626be,VALID,
2026-10-09,09:35:43,2026,10,HEAD_TRUCK,204,102.03,online,N/A,ujb_dashboard_scrape,44,c42cdd71f8a28b610e8a7a718a32d13d7327754c,VALID,
2026-10-09,09:34:16,2026,10,HEAD_TRUCK,139,85.83,online,N/A,ujb_dashboard_scrape,45,c6e6d22bba75adf0194a8950adc10b413526a735,VALID,
2026-10-09,09:32:12,2026,10,HEAD_TRUCK,163,102.17,online,N/A,ujb_dashboard_scrape,46,3bb1585d2274d06715d920dbcabeaa6cecca4ec1,VALID,
2026-10-09,09:30:02,2026,10,KEND_OPS,TRAGA 01,10.05,online,N/A,ujb_dashboard_scrape,47,4c27056c93a6d804d0858fce5f1431c56bba2000,VALID,
2026-10-09,09:28:57,2026,10,HEAD_TRUCK,214,94.3,online,N/A,ujb_dashboard_scrape,48,725738c701dfdce5fabb50ff3580ccd8d3c7648a,VALID,
2026-10-09,09:27:56,2026,10,HEAD_TRUCK,177,76.21,online,N/A,ujb_dashboard_scrape,49,0c583bf4c0ecbb5312cdc7b171aa9dddfb4acdd2,VALID,
2026-10-09,09:25:26,2026,10,HEAD_TRUCK,203,70.04,online,N/A,ujb_dashboard_scrape,50,e5dc6f1f9b25b08159cd72d62e406b4cec935b2b,VALID,
2026-10-09,09:25:05,2026,10,BUS,02,39.46,online,N/A,ujb_dashboard_scrape,51,23fa6968a97de5f6142c5edff521be055d16da51,VALID,
2026-10-09,09:22:50,2026,10,HEAD_TRUCK,148,59.18,online,N/A,ujb_dashboard_scrape,52,54bd3165cb1e37a24cfcfb619f47e773be71464e,VALID,
2026-10-09,09:22:24,2026,10,HEAD_TRUCK,151,97.4,online,N/A,ujb_dashboard_scrape,53,304142e0b1d19a58f6522914a43a8523e5f4c19a,VALID,
2026-10-09,09:20:00,2026,10,ELF,03,35.0,online,N/A,ujb_dashboard_scrape,54,993dcf0db503e02953b4f0e6170294569f019ede,VALID,
2026-10-09,09:17:13,2026,10,HEAD_TRUCK,141,89.39,online,N/A,ujb_dashboard_scrape,55,496b0f28ea4c37780cb0c83396bf904ec2b2a86c,VALID,
2026-10-09,09:13:16,2026,10,ELF,02,35.0,online,N/A,ujb_dashboard_scrape,56,3bc2a71a9d49e0137cb0c028ffcb5c841e2ffad6,VALID,
2026-10-09,09:12:09,2026,10,HEAD_TRUCK,190,59.93,online,N/A,ujb_dashboard_scrape,57,e92a19a95bac5e4ec389d024b6720e7d0e6d9009,VALID,
2026-10-09,09:10:53,2026,10,HEAD_TRUCK,154,97.54,online,N/A,ujb_dashboard_scrape,58,bae2a227dabd07e019147734f50dd19d2fc0362c,VALID,
2026-10-09,09:09:45,2026,10,HEAD_TRUCK,199,121.75,online,N/A,ujb_dashboard_scrape,59,8128995d26d80a16c1e87e2a083323c1afed63a9,VALID,
2026-10-09,09:08:30,2026,10,HEAD_TRUCK,213,87.2,online,N/A,ujb_dashboard_scrape,60,cab34c553b1cf056030229d66aa9059b77a1620f,VALID,
2026-10-09,09:06:10,2026,10,HEAD_TRUCK,166,77.25,online,N/A,ujb_dashboard_scrape,61,468ab0835da20df6e59dd0c1cb5f6b8795365417,VALID,
2026-10-09,09:04:02,2026,10,KEND_OPS,RANGGA 14,40.0,online,N/A,ujb_dashboard_scrape,62,a39d148a8bd375adfccaa3922e84bf52c7371eb2,VALID,
2026-10-09,09:02:50,2026,10,HEAD_TRUCK,210,88.78,online,N/A,ujb_dashboard_scrape,63,2d37410b4ca234bab5c7db0a25505656adec6faf,VALID,
2026-10-09,08:59:00,2026,10,FORKLIFT,17,33.25,online,N/A,ujb_dashboard_scrape,64,c9ccad4f4e6ba5757a09a35bec97251996aecb01,VALID,
2026-10-09,08:57:33,2026,10,HEAD_TRUCK,147,78.28,online,N/A,ujb_dashboard_scrape,65,cceaeef030113610bf61c24ef08b32d02f74f24d,VALID,
2026-10-09,08:57:24,2026,10,HEAD_TRUCK,174,75.39,online,N/A,ujb_dashboard_scrape,66,3757e6f39cf16d2fd9d783c643fcb0ca2a186070,VALID,
2026-10-09,08:54:42,2026,10,KEND_OPS,RANGGA 06,40.0,online,N/A,ujb_dashboard_scrape,67,e6ce5d226f37fa9d8f686864c5dcec297563163d,VALID,
2026-10-09,08:54:37,2026,10,HEAD_TRUCK,131,95.01,online,N/A,ujb_dashboard_scrape,68,6d609e4a0ef9c168804213743fb411431a827bd8,VALID,
2026-10-09,08:52:07,2026,10,HEAD_TRUCK,167,72.05,online,N/A,ujb_dashboard_scrape,69,d546aee15b4b900d77cca3b255045941d7c4e797,VALID,
2026-10-09,08:49:46,2026,10,HEAD_TRUCK,167,25.8,online,N/A,ujb_dashboard_scrape,70,668e81d6b9392d7f265b2afa37338a4b2411113f,VALID,
2026-10-09,08:48:46,2026,10,HEAD_TRUCK,164,66.62,online,N/A,ujb_dashboard_scrape,71,2b63b34f226abf0021561d5975b0c50c87d1e7ab,VALID,
2026-10-09,08:46:24,2026,10,HEAD_TRUCK,191,16.58,online,N/A,ujb_dashboard_scrape,72,680e68b1a8e0987121b582155c73ab5426baf7b8,VALID,
2026-10-09,08:45:20,2026,10,HEAD_TRUCK,143,70.65,online,N/A,ujb_dashboard_scrape,73,06127ac30a9d489bbd595b34b26b004690987d99,VALID,
2026-10-09,08:40:02,2026,10,ELF,01,35.0,online,N/A,ujb_dashboard_scrape,74,732dde4df7e748fae60d9ca820e7cf5aeddddb1c,VALID,
2026-10-09,08:38:38,2026,10,HEAD_TRUCK,207,69.77,online,N/A,ujb_dashboard_scrape,75,0992e950349f1699e8330a70f01f705f9fe854da,VALID,
2026-10-09,08:37:39,2026,10,HEAD_TRUCK,193,87.96,online,N/A,ujb_dashboard_scrape,76,74a0ac549673cc44cf6451aba0fbd1861a44938e,VALID,
2026-10-09,08:35:27,2026,10,HEAD_TRUCK,157,69.02,online,N/A,ujb_dashboard_scrape,77,81f5c1d2d1bf5a5868e498ef4a207b7c6f5f2c7c,VALID,
2026-10-09,08:28:44,2026,10,HEAD_TRUCK,138,84.29,online,N/A,ujb_dashboard_scrape,78,37491b0df5ecbf3ab347b8be8dc9f0d9180c88d8,VALID,
2026-10-09,08:26:47,2026,10,HEAD_TRUCK,161,95.61,online,N/A,ujb_dashboard_scrape,79,3a3a913ff08ee2fbb9ab94d3169f2706635d49cd,VALID,
2026-10-09,08:24:38,2026,10,HEAD_TRUCK,209,107.07,online,N/A,ujb_dashboard_scrape,80,2d08e49e4d02f3535fb3dd0d4323f90bc94f3cb4,VALID,
2026-10-09,08:24:04,2026,10,HEAD_TRUCK,202,140.14,online,N/A,ujb_dashboard_scrape,81,f78ef33f67bd14f086b4cb546ae41835d10bb72b,VALID,
2026-10-09,08:20:42,2026,10,HEAD_TRUCK,196,80.27,online,N/A,ujb_dashboard_scrape,82,f16a2ec6c49f74c98a42a2579b24a0d24b079ba2,VALID,
2026-10-09,08:18:32,2026,10,HEAD_TRUCK,178,82.58,online,N/A,ujb_dashboard_scrape,83,5f9c721d78691186090251e1daa3714025808d06,VALID,
2026-10-09,08:18:08,2026,10,HEAD_TRUCK,168,79.2,online,N/A,ujb_dashboard_scrape,84,4ccab64b801d4d8f6cb52791301e00562d3c7135,VALID,
2026-10-09,08:15:43,2026,10,BUS,01,49.69,online,N/A,ujb_dashboard_scrape,85,980173772bdb47695f9f0a8fb5a90d2a8d91abff,VALID,
2026-10-09,08:15:23,2026,10,HEAD_TRUCK,198,71.72,online,N/A,ujb_dashboard_scrape,86,53d9286268c809951ff2edffa5a1a8f94efaf6b9,VALID,
2026-10-09,08:11:27,2026,10,HEAD_TRUCK,169,92.6,online,N/A,ujb_dashboard_scrape,87,1b417d63ca17d6f999f38d058a4ceb92c85dd83d,VALID,
2026-10-09,08:10:13,2026,10,HEAD_TRUCK,181,146.95,online,N/A,ujb_dashboard_scrape,88,4d1e6d67ffef62a041b0aa5a76a2f5d8dc39574d,VALID,
2026-10-09,08:08:51,2026,10,HEAD_TRUCK,128,95.03,online,N/A,ujb_dashboard_scrape,89,4aa6f59f37e100bf9c0f2cc432daf91e903ac2e7,VALID,
2026-10-08,14:17:09,2026,10,BUS,03,48.45,online,N/A,ujb_dashboard_scrape,90,237b5a0163d40d685f8152b352d83b549f2feb12,VALID,
2026-10-08,14:13:59,2026,10,KEND_OPS,RANGGA 17,29.78,online,N/A,ujb_dashboard_scrape,91,da20f7e61b9e308f8351b67ff3965e40dfd09256,VALID,
2026-10-08,13:45:06,2026,10,KEND_OPS,RANGGA 04,36.63,online,N/A,ujb_dashboard_scrape,92,757e4d8648110a0b2d576f92e67fc71310ecc2c2,VALID,
2026-10-08,13:39:56,2026,10,HEAD_TRUCK,165,111.96,online,N/A,ujb_dashboard_scrape,93,c4c3be1d6cb3ea79456b6d01af589ba2c1ed0464,VALID,
2026-10-08,13:37:03,2026,10,HEAD_TRUCK,203,70.1,online,N/A,ujb_dashboard_scrape,94,9007db2fb57ae977d57e5d96d7439287fa0b7311,VALID,
2026-10-08,13:34:01,2026,10,BUS,02,48.75,online,N/A,ujb_dashboard_scrape,95,0a37aafd38abfc883f369b1792e6229b328ace49,VALID,
2026-10-08,13:20:25,2026,10,FORKLIFT,28,19.41,online,N/A,ujb_dashboard_scrape,96,2e2903077504e68ed9a6dbe921184111fb982636,VALID,
2026-10-08,13:15:38,2026,10,HEAD_TRUCK,137,115.98,online,N/A,ujb_dashboard_scrape,97,d9eff459dd4cc428ed8d403e3c1fd0a295442d2e,VALID,
2026-10-08,13:11:47,2026,10,HEAD_TRUCK,191,71.78,online,N/A,ujb_dashboard_scrape,98,b0b5c56c96ad8dd3f927faf7dde173a3039507c3,VALID,
2026-10-08,13:07:22,2026,10,HEAD_TRUCK,191,37.47,online,N/A,ujb_dashboard_scrape,99,2190e15d46de5e081668f65df7cbba697d4884cf,VALID,
2026-10-08,11:31:46,2026,10,HEAD_TRUCK,177,84.15,online,N/A,ujb_dashboard_scrape,100,7075efbb37b1389b8d49c82759a0fd0b87c0fdd8,VALID,
2026-10-08,11:12:58,2026,10,HEAD_TRUCK,156,104.86,online,N/A,ujb_dashboard_scrape,101,64fde0c061cbaa89d37240fef84ac05de504c639,VALID,
2026-10-08,11:09:56,2026,10,HEAD_TRUCK,132,94.73,online,N/A,ujb_dashboard_scrape,102,0fc2acfa2707fb44eef54c2fad3e3c98d3537814,VALID,
2026-10-08,11:07:06,2026,10,HEAD_TRUCK,206,107.52,online,N/A,ujb_dashboard_scrape,103,c68feb0ddc2fdcc495bd9a291a51ccf83e7de28e,VALID,
2026-10-08,11:04:17,2026,10,KEND_OPS,RANGGA 03,33.8,online,N/A,ujb_dashboard_scrape,104,3feef6fd7cbd311fa9f6303779acac12d2bfe352,VALID,
2026-10-08,11:01:14,2026,10,KEND_OPS,RANGGA 04,24.62,online,N/A,ujb_dashboard_scrape,105,5d4f610a273d46ccc1482ee4fdfaadb1699f028c,VALID,
2026-10-08,10:57:35,2026,10,HEAD_TRUCK,142,99.51,online,N/A,ujb_dashboard_scrape,106,53f3a8292ecc45a2733cac189f370b3364368cef,VALID,
2026-10-08,10:54:53,2026,10,HEAD_TRUCK,157,94.13,online,N/A,ujb_dashboard_scrape,107,165f3c90e83db92df2a00807eca5fcfc721bd020,VALID,
2026-10-08,10:52:11,2026,10,HEAD_TRUCK,174,68.39,online,N/A,ujb_dashboard_scrape,108,a4d2c5fb7993b2a103fe3364b80c28dd32b5f123,VALID,
2026-10-08,10:49:44,2026,10,HEAD_TRUCK,148,71.06,online,N/A,ujb_dashboard_scrape,109,8267fa97d2084054ea766db706703002d0e626d2,VALID,
2026-10-08,10:47:40,2026,10,HEAD_TRUCK,144,94.42,online,N/A,ujb_dashboard_scrape,110,4761cbc18c72e6e6548680cfaff22bff901099e5,VALID,
2026-10-08,10:44:39,2026,10,HEAD_TRUCK,214,99.65,online,N/A,ujb_dashboard_scrape,111,24554bbdf7df7cef026d6797109cd17f9c66d998,VALID,
2026-10-08,10:41:59,2026,10,HEAD_TRUCK,147,86.77,online,N/A,ujb_dashboard_scrape,112,e9f249eebb33bc0359ea679a71b6609481da715b,VALID,
2026-10-08,10:39:32,2026,10,KEND_OPS,TRAGA,36.39,online,N/A,ujb_dashboard_scrape,113,f0eb4019b2608347a79a0645548fec48bf91f70f,VALID,
2026-10-08,10:37:25,2026,10,HEAD_TRUCK,149,90.81,online,N/A,ujb_dashboard_scrape,114,5c92fa0c921872626e5361d95c0913015a67c634,VALID,
2026-10-08,10:34:51,2026,10,HEAD_TRUCK,215,110.42,online,N/A,ujb_dashboard_scrape,115,a2e5297f0848f875e814880cf689e2836fb51608,VALID,
2026-10-08,10:31:41,2026,10,HEAD_TRUCK,212,105.77,online,N/A,ujb_dashboard_scrape,116,ee80336273eec08ea79827f387a0e7f06b72f3b1,VALID,
2026-10-08,10:28:54,2026,10,HEAD_TRUCK,95,92.13,online,N/A,ujb_dashboard_scrape,117,5cd64dc87a443e0b1309dca17a630209035e363a,VALID,
2026-10-08,10:26:21,2026,10,HEAD_TRUCK,170,78.31,online,N/A,ujb_dashboard_scrape,118,0a6400b3cf320bcf13dbd3dd12dd4a0a54b42ddb,VALID,
2026-10-08,10:24:18,2026,10,HEAD_TRUCK,198,70.48,online,N/A,ujb_dashboard_scrape,119,9cc63c8448c0cca19895adf3aa98b4d65bd30105,VALID,
2026-10-08,10:22:23,2026,10,HEAD_TRUCK,197,80.07,online,N/A,ujb_dashboard_scrape,120,75e055ddbe9b28958b71027bda64d924b99fc776,VALID,
2026-10-08,10:20:06,2026,10,HEAD_TRUCK,143,111.09,online,N/A,ujb_dashboard_scrape,121,3567907ea271b22af8e62e2ab1667296bf9ee7b7,VALID,
2026-10-08,10:17:22,2026,10,HEAD_TRUCK,196,92.35,online,N/A,ujb_dashboard_scrape,122,a965e0c758c8254f57a8a49d85ac774403540de5,VALID,
2026-10-08,10:14:54,2026,10,HEAD_TRUCK,207,85.3,online,N/A,ujb_dashboard_scrape,123,6df36bc083bb43e25311187bfbe8c412151ad465,VALID,
2026-10-08,10:13:15,2026,10,HEAD_TRUCK,190,22.06,online,N/A,ujb_dashboard_scrape,124,1351fb7254be738fd1a153c3916aff6f85202773,VALID,
2026-10-08,10:11:06,2026,10,HEAD_TRUCK,133,104.91,online,N/A,ujb_dashboard_scrape,125,4889b0867901313a6c84b2633943dd94bd60d61d,VALID,
2026-10-08,10:08:37,2026,10,HEAD_TRUCK,185,91.83,online,N/A,ujb_dashboard_scrape,126,b5a9cde3abd51edb3cf408b582944b74942efb26,VALID,
2026-10-08,10:05:57,2026,10,HEAD_TRUCK,213,66.79,online,N/A,ujb_dashboard_scrape,127,f28a6c740435976b2316e8386efb4349559d9834,VALID,
2026-10-08,10:03:20,2026,10,HEAD_TRUCK,193,90.91,online,N/A,ujb_dashboard_scrape,128,48ccbfb32d0a2aeaacd4fd543de5a55b638007a8,VALID,
2026-10-08,10:00:40,2026,10,HEAD_TRUCK,151,103.06,online,N/A,ujb_dashboard_scrape,129,c6de217a762383c9c291380e21d21cf9047f2870,VALID,
2026-10-08,09:58:02,2026,10,HEAD_TRUCK,209,110.62,online,N/A,ujb_dashboard_scrape,130,7160fc0d474cff5817420e7ac3d2c37fb1d42018,VALID,
2026-10-08,09:54:56,2026,10,HEAD_TRUCK,136,77.49,online,N/A,ujb_dashboard_scrape,131,dae5f973926bd8b2483d2736027c1284c70fdf81,VALID,
2026-10-08,09:52:27,2026,10,HEAD_TRUCK,179,84.48,online,N/A,ujb_dashboard_scrape,132,9d96c737ac27ba7060de203472ab38684197abc3,VALID,
2026-10-08,09:50:01,2026,10,HEAD_TRUCK,128,91.61,online,N/A,ujb_dashboard_scrape,133,20b057a5f733abe23944c9b7713783048362f498,VALID,
2026-10-08,09:49:05,2026,10,HEAD_TRUCK,175,75.84,online,N/A,ujb_dashboard_scrape,134,1017d4806ce455d530769bc7b9278829007d2096,VALID,
2026-10-08,09:47:35,2026,10,HEAD_TRUCK,171,155.77,online,N/A,ujb_dashboard_scrape,135,8ee1fd509d1f360e2ae01cb4e0f772eab2f60f69,VALID,
2026-10-08,09:43:46,2026,10,KEND_OPS,RANGGA 16,28.14,online,N/A,ujb_dashboard_scrape,136,5e93afdf84613a5100f585430e1864244c73e400,VALID,
2026-10-08,09:41:14,2026,10,HEAD_TRUCK,210,97.77,online,N/A,ujb_dashboard_scrape,137,7919d156be5f3c10ad96842fc85db4bdc6d9d617,VALID,
2026-10-08,09:39:08,2026,10,KEND_OPS,RANGGA 11,28.05,online,N/A,ujb_dashboard_scrape,138,79c8da1e007719bd025133898d7eab78ef679754,VALID,
2026-10-08,09:38:13,2026,10,HEAD_TRUCK,141,111.95,online,N/A,ujb_dashboard_scrape,139,f5e132927ef454c76854644b5550706f8424fdc1,VALID,
2026-10-08,09:34:59,2026,10,HEAD_TRUCK,204,67.22,online,N/A,ujb_dashboard_scrape,140,584df2caa792a83025ad52de23a2b4af18d6afb6,VALID,
2026-10-08,09:33:04,2026,10,HEAD_TRUCK,162,98.12,online,N/A,ujb_dashboard_scrape,141,64d49ba7511e40611b3259cdbeea0e21758c9ec5,VALID,
2026-10-08,09:30:46,2026,10,KEND_OPS,B 9131 J,25.91,online,N/A,ujb_dashboard_scrape,142,1d7e650e39afc74538e8b872c7a119a304462ee3,VALID,
2026-10-08,09:28:16,2026,10,HEAD_TRUCK,139,73.65,online,N/A,ujb_dashboard_scrape,143,6a10fb23be22ff7eb73a07a4f65c94b9d0936b62,VALID,
2026-10-08,09:27:43,2026,10,HEAD_TRUCK,192,95.19,online,N/A,ujb_dashboard_scrape,144,ceb9a41ae0eabd70ee1d2ee030765b7f52d29945,VALID,
2026-10-08,09:25:18,2026,10,HEAD_TRUCK,161,94.88,online,N/A,ujb_dashboard_scrape,145,239c9d114910f6a9b76e5e061917931d51986097,VALID,
2026-10-08,09:23:30,2026,10,SL,11,125.82,online,N/A,ujb_dashboard_scrape,146,deb5da8696c69c6dd0b102e0fa44be2b2df1ecc0,VALID,
2026-10-08,09:22:15,2026,10,ELF,03,35.0,online,N/A,ujb_dashboard_scrape,147,391122d9223d9d4918191f028bec5e0deafccaa8,VALID,
2026-10-08,09:20:41,2026,10,PEMADAM,PEMADAM,14.68,online,N/A,ujb_dashboard_scrape,148,7f75b9228e49bab7ea034fa4a7f053f804735e4d,VALID,
2026-10-08,09:16:50,2026,10,HEAD_TRUCK,163,97.97,online,N/A,ujb_dashboard_scrape,149,451cde5db9c12d7f0507047031c92d1687985ce8,VALID,
2026-10-08,09:15:36,2026,10,HEAD_TRUCK,180,63.56,online,N/A,ujb_dashboard_scrape,150,bec3f34e74504a05f9224c788389ad68332969e1,VALID,
2026-10-08,09:13:16,2026,10,HEAD_TRUCK,134,86.56,online,N/A,ujb_dashboard_scrape,151,a61a4fa1d55ad1d3b6bdec2edf5519052a0676ab,VALID,
2026-10-08,09:11:17,2026,10,HEAD_TRUCK,183,104.54,online,N/A,ujb_dashboard_scrape,152,a620b8edaed159b2dad04de7ee02797dddacc91f,VALID,
2026-10-08,09:10:27,2026,10,HEAD_TRUCK,208,91.28,online,N/A,ujb_dashboard_scrape,153,7551a2de5b365bd719eeb1df7df9b4be17489c05,VALID,
2026-10-08,09:07:56,2026,10,HEAD_TRUCK,181,103.39,online,N/A,ujb_dashboard_scrape,154,635ce4d56c91813da9093fa75d402d3c99cb075e,VALID,
2026-10-08,09:07:15,2026,10,ELF,02,35.0,online,N/A,ujb_dashboard_scrape,155,747fa2b9cfaeed91974df06bf50a5ed291c89ada,VALID,
2026-10-08,09:04:20,2026,10,HEAD_TRUCK,168,88.41,online,N/A,ujb_dashboard_scrape,156,ed46dacb09707050e9cb7850fdcc1144ed22aaf6,VALID,
2026-10-08,09:03:24,2026,10,HEAD_TRUCK,188,79.51,online,N/A,ujb_dashboard_scrape,157,833db7c4bd117b04581793765b856303753234a6,VALID,
2026-10-08,09:01:03,2026,10,HEAD_TRUCK,145,68.29,online,N/A,ujb_dashboard_scrape,158,05496e5355b8756a1268b75a8fe2749c70fc7578,VALID,
2026-10-08,08:57:34,2026,10,HEAD_TRUCK,155,99.32,online,N/A,ujb_dashboard_scrape,159,6bdc582739381ecf9a6f4fe1bc83064bfe494b68,VALID,
2026-10-08,08:55:21,2026,10,HEAD_TRUCK,169,87.39,online,N/A,ujb_dashboard_scrape,160,0d5aa027158c38f8896650a00ef83d618b732a47,VALID,
2026-10-08,08:53:03,2026,10,HEAD_TRUCK,166,78.21,online,N/A,ujb_dashboard_scrape,161,cc959cfbd179957cd1deee384f43115344cfe48a,VALID,
2026-10-08,08:50:56,2026,10,HEAD_TRUCK,140,86.35,online,N/A,ujb_dashboard_scrape,162,f1b3eec3860843545976f19d8245351a8bc47965,VALID,
2026-10-08,08:48:39,2026,10,HEAD_TRUCK,216,70.96,online,N/A,ujb_dashboard_scrape,163,2313d06675f22d455a0f23934828411ac8e3327f,VALID,
2026-10-08,08:46:36,2026,10,HEAD_TRUCK,131,102.81,online,N/A,ujb_dashboard_scrape,164,3874ff5375057d8ace18bc246c5cb272aca741e4,VALID,
2026-10-08,08:44:18,2026,10,HEAD_TRUCK,211,90.98,online,N/A,ujb_dashboard_scrape,165,413cf0454cfe93b8d41e70cee356251866ae3ede,VALID,
2026-10-08,08:42:06,2026,10,HEAD_TRUCK,154,112.17,online,N/A,ujb_dashboard_scrape,166,a790349560cf9ecdbf5dd13a26e5d66dfb82e3a9,VALID,
2026-10-08,08:39:35,2026,10,HEAD_TRUCK,153,74.7,online,N/A,ujb_dashboard_scrape,167,7c38329e530f92b8eb60233b1511ef9907da2cbc,VALID,
2026-10-08,08:37:29,2026,10,HEAD_TRUCK,178,33.72,online,N/A,ujb_dashboard_scrape,168,8e38bae8039966a495b50b6b23a40e70c97dfede,VALID,
2026-10-08,08:37:11,2026,10,HEAD_TRUCK,152,73.93,online,N/A,ujb_dashboard_scrape,169,ebfaaf3cb0b71e8c4f178a560b00557cdb061175,VALID,
2026-10-08,08:34:50,2026,10,HEAD_TRUCK,182,41.46,online,N/A,ujb_dashboard_scrape,170,ac9eab88991e387d7203ca6ed91ed1c3d9861099,VALID,
2026-10-08,08:33:39,2026,10,HEAD_TRUCK,167,93.48,online,N/A,ujb_dashboard_scrape,171,49b3c19d2a1d99dfd45ce0393cd451d5a592e407,VALID,
2026-10-08,08:32:33,2026,10,HEAD_TRUCK,186,83.67,online,N/A,ujb_dashboard_scrape,172,84efb8bdcd7a6cc13fa1fe76a19bcad172eea6ef,VALID,
2026-10-08,08:31:02,2026,10,HEAD_TRUCK,150,78.29,online,N/A,ujb_dashboard_scrape,173,11b79596d627618a3314edd77e47d3a04d486d84,VALID,
2026-10-08,08:30:00,2026,10,HEAD_TRUCK,201,95.45,online,N/A,ujb_dashboard_scrape,174,4a984a384414431a474949713eba03c87f2b3ded,VALID,
2026-10-08,08:27:31,2026,10,HEAD_TRUCK,138,75.9,online,N/A,ujb_dashboard_scrape,175,4593fc357e57486b8dc77e8e5aefc4728f2c0101,VALID,
2026-10-08,08:24:07,2026,10,HEAD_TRUCK,138,41.55,online,N/A,ujb_dashboard_scrape,176,f1deb4a4404703af721b42a8643d8f6b4522330e,VALID,
2026-10-08,08:23:38,2026,10,HEAD_TRUCK,202,73.52,online,N/A,ujb_dashboard_scrape,177,7482101cb1f8179633d448b163bf814369c953c1,VALID,
2026-10-08,08:21:26,2026,10,ELF,01,30.39,online,N/A,ujb_dashboard_scrape,178,ecf68bbb08d2ca0b341b2a3b2f67fc663d1dd958,VALID,
2026-10-08,08:20:59,2026,10,HEAD_TRUCK,194,83.39,online,N/A,ujb_dashboard_scrape,179,f022f366b5fbe6350d6d06b12d8517272b7c5d54,VALID,
2026-10-08,08:18:54,2026,10,HEAD_TRUCK,135,70.03,online,N/A,ujb_dashboard_scrape,180,f47d3507921cd09b45a779638a2de987f64b3e59,VALID,
2026-10-08,08:16:00,2026,10,HEAD_TRUCK,195,123.9,online,N/A,ujb_dashboard_scrape,181,f3dab6c8ba7e76e2ff5c801ccf932b0d7fd8cbd3,VALID,
2026-10-08,08:15:53,2026,10,BUS,01,38.39,online,N/A,ujb_dashboard_scrape,182,070f0a2d6ac14b43c1955c177a7177a5134a7803,VALID,
2026-10-08,08:11:32,2026,10,HEAD_TRUCK,205,73.26,online,N/A,ujb_dashboard_scrape,183,27231f5ecf90f8bb18397f2dc99a14925484e201,VALID,
2026-10-08,08:11:10,2026,10,KEND_OPS,TRAGA,22.8,online,N/A,ujb_dashboard_scrape,184,e3b513835c85704fca3f22a1517c5d3d4852d2b3,VALID,
2026-10-08,08:07:34,2026,10,HEAD_TRUCK,159,73.02,online,N/A,ujb_dashboard_scrape,185,67635a849ed3853297790156d98cbce5afea827d,VALID,
2026-10-07,15:08:17,2026,10,199,199,71.15,online,N/A,ujb_dashboard_scrape,186,7a27980d7087818e08a6f8bb77781659a6ceba87,VALID,
2026-10-07,14:44:52,2026,10,BUS,03,55.0,online,N/A,ujb_dashboard_scrape,187,259e97c3bbb1f43510ef95c38ff252e2813e0382,VALID,
2026-10-07,14:04:58,2026,10,HEAD_TRUCK,213,128.98,online,N/A,ujb_dashboard_scrape,188,34b5e0a858d1674f4d0eb8e6e9e3f7f8ee0a8fbd,VALID,
2026-10-07,14:01:28,2026,10,HEAD_TRUCK,164,96.62,online,N/A,ujb_dashboard_scrape,189,c67c76dfaeecf225feb6ffa638d3476489f67806,VALID,
2026-10-07,13:58:16,2026,10,HEAD_TRUCK,191,99.27,online,N/A,ujb_dashboard_scrape,190,a2b7d097bbaaccaa82b5edfdc0a20744dbc77805,VALID,
2026-10-07,13:55:57,2026,10,BUS,02,55.0,online,N/A,ujb_dashboard_scrape,191,62cbb6f6e960564c7179d1559922efa2d62b0749,VALID,
2026-10-07,13:47:24,2026,10,HEAD_TRUCK,203,92.46,online,N/A,ujb_dashboard_scrape,192,b4905ff7da1e5cb358f2d708baf218a03f9aff1d,VALID,
2026-10-07,13:35:50,2026,10,KEND_OPS,RANGGA 05,36.61,online,N/A,ujb_dashboard_scrape,193,aa895fcecb555c8480c877526b10aa8416552d28,VALID,
2026-10-07,13:31:41,2026,10,HEAD_TRUCK,166,93.7,online,N/A,ujb_dashboard_scrape,194,f472f7186be0c2e7d3532a2a39b17c1705812d3b,VALID,
2026-10-07,13:27:38,2026,10,HEAD_TRUCK,139,83.29,online,N/A,ujb_dashboard_scrape,195,ebe4240d4008513da00e7a003b519a6fdfbdbab5,VALID,
2026-10-07,13:25:30,2026,10,FORKLIFT,20,26.39,online,N/A,ujb_dashboard_scrape,196,5c66c031432580d71651ceedb74251efd719fb69,VALID,
2026-10-07,13:22:24,2026,10,KEND_OPS,HILUX 01,22.51,online,N/A,ujb_dashboard_scrape,197,3ebca882f5ded59385acc22789eac322b6bd3d2a,VALID,
2026-10-07,11:21:09,2026,10,HEAD_TRUCK,205,85.2,online,N/A,ujb_dashboard_scrape,198,b9a45e5ac072a0727aae864e96c7cabadd295a7a,VALID,
2026-10-07,11:16:53,2026,10,BUS,01,50.46,online,N/A,ujb_dashboard_scrape,199,e3f7a419eb2592f9e50795bccfb30f8a364cef12,VALID,
2026-10-07,11:09:43,2026,10,HEAD_TRUCK,198,74.29,online,N/A,ujb_dashboard_scrape,200,06f4349e38e86624d03990f4c19fd2cdc89d7986,VALID,
2026-10-07,11:03:48,2026,10,HEAD_TRUCK,175,70.67,online,N/A,ujb_dashboard_scrape,201,ba6a9971dc18a44cbdf32c984868d3959d04265c,VALID,
2026-10-07,11:00:15,2026,10,HEAD_TRUCK,132,83.31,online,N/A,ujb_dashboard_scrape,202,ad2dce03190606950c8706ca9dac5ff5bfd16afb,VALID,
2026-10-07,10:58:23,2026,10,HEAD_TRUCK,211,67.78,online,N/A,ujb_dashboard_scrape,203,ad0c5b7afd7d0271a2c037b21a8ebbb05a61b537,VALID,
2026-10-07,10:56:40,2026,10,HEAD_TRUCK,204,71.46,online,N/A,ujb_dashboard_scrape,204,86154472035fc365187d2add8e7dbae0860cd817,VALID,
2026-10-07,10:54:57,2026,10,HEAD_TRUCK,209,94.77,online,N/A,ujb_dashboard_scrape,205,f792d9ba270f5931939c6222cced7460d92e47c4,VALID,
2026-10-07,10:52:42,2026,10,HEAD_TRUCK,177,58.61,online,N/A,ujb_dashboard_scrape,206,07808748fbbc5aa00ccfebf76a366f42477e0f56,VALID,
2026-10-07,10:50:42,2026,10,HEAD_TRUCK,148,62.3,online,N/A,ujb_dashboard_scrape,207,f96682e3d3a04816018905d7dc57e90c1f2229ac,VALID,
2026-10-07,10:49:05,2026,10,HEAD_TRUCK,142,67.52,online,N/A,ujb_dashboard_scrape,208,c7c57190adf9a61643ae9d35d88b7b641fc6a7f6,VALID,
2026-10-07,10:47:17,2026,10,HEAD_TRUCK,214,93.62,online,N/A,ujb_dashboard_scrape,209,6d44aa2a202feadf0ac09125e28fe040b8cd3e2b,VALID,
2026-10-07,10:45:14,2026,10,HEAD_TRUCK,158,36.06,online,N/A,ujb_dashboard_scrape,210,1e10ddecb3cc340bd4cef3597174ce4674d21c32,VALID,
2026-10-07,10:43:14,2026,10,HEAD_TRUCK,194,94.33,online,N/A,ujb_dashboard_scrape,211,ed0e57e93b48af28509b0d76a5ddd534668b99bd,VALID,
2026-10-07,10:41:05,2026,10,HEAD_TRUCK,170,98.71,online,N/A,ujb_dashboard_scrape,212,40a8f0812c231ad97ae3b643cd7319a47998fe4d,VALID,
2026-10-07,10:37:48,2026,10,HEAD_TRUCK,135,77.01,online,N/A,ujb_dashboard_scrape,213,114c6df721fe5b6f6b6ed70e23696ad4de03c896,VALID,
2026-10-07,10:35:49,2026,10,HEAD_TRUCK,156,94.91,online,N/A,ujb_dashboard_scrape,214,d2a6708f88a83b4b8d886de36cdae5d87bacec3e,VALID,
2026-10-07,10:33:16,2026,10,HEAD_TRUCK,161,73.52,online,N/A,ujb_dashboard_scrape,215,2e04c3c198ba55d5e94d6bb81cf3fed4c309989e,VALID,
2026-10-07,10:31:20,2026,10,HEAD_TRUCK,147,91.17,online,N/A,ujb_dashboard_scrape,216,726d8ba7f38dd14f61e9735a3bc61bb0ed14e38c,VALID,
2026-10-07,10:29:21,2026,10,FORKLIFT,28,15.46,online,N/A,ujb_dashboard_scrape,217,5faaf1f5760d37d41dbf9c1889912e0e01674665,VALID,
2026-10-07,10:27:45,2026,10,HEAD_TRUCK,131,84.7,online,N/A,ujb_dashboard_scrape,218,dd1ab2b3397d084392519454b63b8ded14ed57f6,VALID,
2026-10-07,10:25:48,2026,10,HEAD_TRUCK,151,83.3,online,N/A,ujb_dashboard_scrape,219,91ef2d1c8598c29310006f1246d6614eac51eaf4,VALID,
2026-10-07,10:23:33,2026,10,HEAD_TRUCK,154,85.9,online,N/A,ujb_dashboard_scrape,220,f36ca2a0df9bca524ddd56110072edaeb067ff17,VALID,
2026-10-07,10:21:06,2026,10,HEAD_TRUCK,157,71.79,online,N/A,ujb_dashboard_scrape,221,8874d35c600c8d680170dc343b32e21f5266a441,VALID,
2026-10-07,10:15:10,2026,10,HEAD_TRUCK,152,74.64,online,N/A,ujb_dashboard_scrape,222,11175bf4e013dde556885b0191324f353f720519,VALID,
2026-10-07,10:14:23,2026,10,HEAD_TRUCK,182,83.03,online,N/A,ujb_dashboard_scrape,223,a9d356f4c865232b1a138dcf50d722e7f21eea65,VALID,
2026-10-07,10:12:27,2026,10,HEAD_TRUCK,169,84.77,online,N/A,ujb_dashboard_scrape,224,6402edf27cbb90bee99e73b136e949a7cf0acc83,VALID,
2026-10-07,10:11:24,2026,10,HEAD_TRUCK,178,87.21,online,N/A,ujb_dashboard_scrape,225,78e9ac66a2df6d05896ce97ed776ff9b9dcb85cc,VALID,
2026-10-07,10:09:12,2026,10,HEAD_TRUCK,153,75.12,online,N/A,ujb_dashboard_scrape,226,1b17cdda235666d3ff87f6b6bd87aa6a843ae04f,VALID,
2026-10-07,10:06:30,2026,10,HEAD_TRUCK,190,2.64,online,N/A,ujb_dashboard_scrape,227,16e2446d15c5848084957a892eee2009724d94fb,VALID,
2026-10-07,10:05:24,2026,10,HEAD_TRUCK,95,104.27,online,N/A,ujb_dashboard_scrape,228,f1e5fb8d726a7d2bd1455d0ed3e2fa2a3c09214a,VALID,
2026-10-07,10:04:01,2026,10,HEAD_TRUCK,179,62.22,online,N/A,ujb_dashboard_scrape,229,846a2bd4b937069fcab01528444f18787af2485c,VALID,
2026-10-07,10:01:55,2026,10,HI,134,90.51,online,N/A,ujb_dashboard_scrape,230,3e97ad3fee6116a3b453e400ed5fa89903816a57,VALID,
2026-10-07,09:55:52,2026,10,HEAD_TRUCK,208,57.02,online,N/A,ujb_dashboard_scrape,231,f89bbc14ed142b7b4311c1d2b746252ffa241f82,VALID,
2026-10-07,09:49:51,2026,10,HEAD_TRUCK,174,81.19,online,N/A,ujb_dashboard_scrape,232,6b53ab0d0347d054073cdeca5699ebac8a530426,VALID,
2026-10-07,09:47:51,2026,10,HEAD_TRUCK,144,70.9,online,N/A,ujb_dashboard_scrape,233,dcca066c741b2a417407dcdbedee2982d436269f,VALID,
2026-10-07,09:47:26,2026,10,HEAD_TRUCK,128,81.55,online,N/A,ujb_dashboard_scrape,234,4d5b75fdb36b21569470ee1bd0e36c7d6fde55f6,VALID,
2026-10-07,09:44:47,2026,10,HEAD_TRUCK,133,79.23,online,N/A,ujb_dashboard_scrape,235,ce5c0cf1e88100c41b434964dea610959671f502,VALID,
2026-10-07,09:44:18,2026,10,HEAD_TRUCK,212,69.66,online,N/A,ujb_dashboard_scrape,236,a14a00b987cc5e002c395406ba00007e2b65e3d7,VALID,
2026-10-07,09:42:00,2026,10,HEAD_TRUCK,171,31.88,online,N/A,ujb_dashboard_scrape,237,81842222ad9dfccca10954e30491b31547db6d94,VALID,
2026-10-07,09:41:33,2026,10,HEAD_TRUCK,172,42.17,online,N/A,ujb_dashboard_scrape,238,7c346d8ffde60d91465accf78e4126c99f919e72,VALID,
2026-10-07,09:39:52,2026,10,HEAD_TRUCK,163,71.63,online,N/A,ujb_dashboard_scrape,239,80aef8f9ae132ee1386814d27086606a7e31309a,VALID,
2026-10-07,09:38:04,2026,10,HEAD_TRUCK,206,130.94,online,N/A,ujb_dashboard_scrape,240,f347b34ccb838707ab8d8d3ec854eaa5855176c7,VALID,
2026-10-07,09:35:39,2026,10,HEAD_TRUCK,195,55.91,online,N/A,ujb_dashboard_scrape,241,a360028495e28525486ffd1541ddc7d7db692a77,VALID,
2026-10-07,09:34:08,2026,10,HEAD_TRUCK,215,58.1,online,N/A,ujb_dashboard_scrape,242,e2765e091c49ed06186dc4b1cf426965880c36d1,VALID,
2026-10-07,09:32:27,2026,10,HEAD_TRUCK,190,69.88,online,N/A,ujb_dashboard_scrape,243,61b79f848b8042292e72451ba4922fdf46a59f60,VALID,
2026-10-07,09:31:58,2026,10,HEAD_TRUCK,168,83.79,online,N/A,ujb_dashboard_scrape,244,d36eb13c3da7c3ba14b50c96c358c943d4b5fa14,VALID,
2026-10-07,09:29:42,2026,10,HEAD_TRUCK,207,91.96,online,N/A,ujb_dashboard_scrape,245,18844fe1a9c712f825e45e8354624543cfb9d657,VALID,
2026-10-07,09:28:48,2026,10,HEAD_TRUCK,193,80.45,online,N/A,ujb_dashboard_scrape,246,7c575258f577c56d7715c0f0cb71f9544f88ec84,VALID,
2026-10-07,09:27:22,2026,10,HEAD_TRUCK,155,102.86,online,N/A,ujb_dashboard_scrape,247,445409f6d7a62522caee2512ad705c9ef706f291,VALID,
2026-10-07,09:25:08,2026,10,HEAD_TRUCK,181,47.31,online,N/A,ujb_dashboard_scrape,248,723bdcc8c9ebf1ce9a8853c03d4c7aaef2a2b5af,VALID,
2026-10-07,09:24:56,2026,10,HEAD_TRUCK,210,106.52,online,N/A,ujb_dashboard_scrape,249,f8d9e2ed938683cca49bf5f4e54300eb99daf7c6,VALID,
2026-10-07,09:23:01,2026,10,HEAD_TRUCK,186,70.8,online,N/A,ujb_dashboard_scrape,250,ebef7ff7e417e9d4c037f5bc445e44674ba3f52b,VALID,
2026-10-07,09:21:28,2026,10,HEAD_TRUCK,136,78.68,online,N/A,ujb_dashboard_scrape,251,1661fd7e101a35dd1313c276f21fa744768e478a,VALID,
2026-10-07,09:20:35,2026,10,HEAD_TRUCK,196,68.01,online,N/A,ujb_dashboard_scrape,252,c09c57af7f1bb57e58b89c9a60f3801718644c59,VALID,
2026-10-07,09:19:01,2026,10,HEAD_TRUCK,137,84.99,online,N/A,ujb_dashboard_scrape,253,e1d2b0f4db38c7de5e6fa8b99f02268edea5312f,VALID,
2026-10-07,09:17:26,2026,10,HEAD_TRUCK,192,76.61,online,N/A,ujb_dashboard_scrape,254,b8ad19807e098761b67fa247998ec1f669878d1a,VALID,
2026-10-07,09:16:09,2026,10,HEAD_TRUCK,145,85.02,online,N/A,ujb_dashboard_scrape,255,718b2d33dd131618a5bf72f02bf1ae86820d7150,VALID,
2026-10-07,09:11:24,2026,10,KEND_OPS,RANGGA 04,37.53,online,N/A,ujb_dashboard_scrape,256,9cd7f671d13c1a6a43b43bcfceae6d481f428e9c,VALID,
2026-10-07,09:09:22,2026,10,HEAD_TRUCK,216,87.59,online,N/A,ujb_dashboard_scrape,257,85d38a12aad3f8650dc80aa0a638876b137bdf07,VALID,
2026-10-07,09:02:48,2026,10,HEAD_TRUCK,150,68.6,online,N/A,ujb_dashboard_scrape,258,9741c730d28cbd184d6631346414dda6a919de51,VALID,
2026-10-07,08:58:04,2026,10,HEAD_TRUCK,183,74.07,online,N/A,ujb_dashboard_scrape,259,e35e59ed7531e3a612ed9f164d7891f3ce0e1b48,VALID,
2026-10-07,08:56:32,2026,10,HEAD_TRUCK,159,74.48,online,N/A,ujb_dashboard_scrape,260,b4dc98ffbe3cec518a83d15e91a659d4f67b6a9e,VALID,
2026-10-07,08:54:58,2026,10,HEAD_TRUCK,143,86.29,online,N/A,ujb_dashboard_scrape,261,87fb05008570ecc4ceb74ce0f7e95e42bc46320c,VALID,
2026-10-07,08:53:39,2026,10,HEAD_TRUCK,188,66.46,online,N/A,ujb_dashboard_scrape,262,a9ae92c2d6074ad67e66a29432b38374fd0f91e0,VALID,
2026-10-07,08:52:52,2026,10,HEAD_TRUCK,149,94.0,online,N/A,ujb_dashboard_scrape,263,4a8ca7559d44ed05b7ef796ec345e0590b1e55b6,VALID,
2026-10-07,08:50:36,2026,10,HEAD_TRUCK,185,66.71,online,N/A,ujb_dashboard_scrape,264,3fff5afe82e099d6de1b45d7041e26e13ce02b2b,VALID,
2026-10-07,08:50:06,2026,10,ELF,03,35.0,online,N/A,ujb_dashboard_scrape,265,533c8aec1102a4681b69de1e8be073a6482dbf73,VALID,
2026-10-07,08:47:48,2026,10,HEAD_TRUCK,140,78.39,online,N/A,ujb_dashboard_scrape,266,9bc821926ce5531ef5a57bacca843f6f2930e6bb,VALID,
2026-10-07,08:47:14,2026,10,ELF,02,35.0,online,N/A,ujb_dashboard_scrape,267,5d158a5d2f7af2d0892c764b689472b39aabaee3,VALID,
2026-10-07,08:44:31,2026,10,KEND_OPS,RANGGA 12,31.35,online,N/A,ujb_dashboard_scrape,268,083fa71a5b687078f18d1686ca1e2f261c6ce5ad,VALID,
2026-10-07,08:39:13,2026,10,HEAD_TRUCK,138,95.37,online,N/A,ujb_dashboard_scrape,269,c17e0b175a925921007f57d4dbeaaa2e6e8b7147,VALID,
2026-10-07,08:36:39,2026,10,HEAD_TRUCK,165,65.11,online,N/A,ujb_dashboard_scrape,270,f1528bc6faa2170c5da985d9004d89017706f6d8,VALID,
2026-10-07,08:32:16,2026,10,ELF,01,35.0,online,N/A,ujb_dashboard_scrape,271,6d67ea145389474e0dca6c773b44e34f1dd4177f,VALID,
2026-10-07,08:30:21,2026,10,KEND_OPS,RANGGA 15,21.75,online,N/A,ujb_dashboard_scrape,272,88dcde8a87e1075102c7633e10c4d83b070b7135,VALID,
2026-10-07,08:30:14,2026,10,HEAD_TRUCK,167,58.86,online,N/A,ujb_dashboard_scrape,273,ec422eda720a95101886709fca1e1aff6b5fc711,VALID,
2026-10-07,08:21:17,2026,10,HEAD_TRUCK,197,69.6,online,N/A,ujb_dashboard_scrape,274,55c87ea869df6c3244a33e7759896c30dcc688e2,VALID,
2026-10-07,08:18:41,2026,10,HEAD_TRUCK,162,45.36,online,N/A,ujb_dashboard_scrape,275,6f2537f67eda82e0b827d24de23841467cfcc06b,VALID,
2026-10-06,14:53:39,2026,10,HEAD_TRUCK,202,94.03,online,N/A,ujb_dashboard_scrape,276,f857c94dc54e287f5850a31c4f04e4254bca2dc4,VALID,
2026-10-06,14:04:53,2026,10,HEAD_TRUCK,179,106.0,online,N/A,ujb_dashboard_scrape,277,27a7d58c57d00e042157f21465a8ce151a449a80,VALID,
2026-10-06,13:51:22,2026,10,BUS,03,55.0,online,N/A,ujb_dashboard_scrape,278,5932c8f0fb81d72975858b9519fff3e47a456308,VALID,
2026-10-06,13:43:49,2026,10,HEAD_TRUCK,177,84.97,online,N/A,ujb_dashboard_scrape,279,e4a86a275bcf722abc24a40ef7bd1bf316d219ee,VALID,
2026-10-06,13:40:13,2026,10,BUS,02,55.0,online,N/A,ujb_dashboard_scrape,280,3e6480a67a8820d700351bc83c17391280d71cf7,VALID,
2026-10-06,13:35:08,2026,10,HEAD_TRUCK,145,97.41,online,N/A,ujb_dashboard_scrape,281,9f6f00552bfe9be0b4bb7348e1609d05b287a243,VALID,
2026-10-06,13:32:34,2026,10,HEAD_TRUCK,165,84.67,online,N/A,ujb_dashboard_scrape,282,b6b6be9ac54852250536c6b15103894221173905,VALID,
2026-10-06,13:29:43,2026,10,HEAD_TRUCK,199,77.42,online,N/A,ujb_dashboard_scrape,283,6e2c1f9c60ae1f7f8a7c050e245e692a83a92501,VALID,
2026-10-06,13:24:57,2026,10,HEAD_TRUCK,163,112.61,online,N/A,ujb_dashboard_scrape,284,5efaa1d85f049f82154de28a65808ec1d5d6a371,VALID,
2026-10-06,13:11:23,2026,10,HEAD_TRUCK,161,112.93,online,N/A,ujb_dashboard_scrape,285,02785d92ced9d0da2f6cce4abe77c71e94c7f3f3,VALID,
2026-10-06,13:08:32,2026,10,HEAD_TRUCK,142,92.35,online,N/A,ujb_dashboard_scrape,286,3aaa21faa9d5736b265208ab6be262795661b957,VALID,
2026-10-06,13:05:42,2026,10,FORKLIFT,28,32.32,online,N/A,ujb_dashboard_scrape,287,5f31d1afd1626eb70a13df45e7074c2cf08e64e6,VALID,
2026-10-06,11:19:51,2026,10,HEAD_TRUCK,167,30.93,online,N/A,ujb_dashboard_scrape,288,ed52d431916cb6b5d9ac4834a19c0e5192a9752e,VALID,
2026-10-06,11:08:19,2026,10,HEAD_TRUCK,162,9.71,online,N/A,ujb_dashboard_scrape,289,9e0b0bcc34d3679f73793352ef1a6f663db602a3,VALID,
2026-10-06,11:05:52,2026,10,BUS,01,52.56,online,N/A,ujb_dashboard_scrape,290,58d47bd39b845819d37c317c84ce9c5d6bb44349,VALID,
2026-10-06,11:01:30,2026,10,HEAD_TRUCK,166,92.51,online,N/A,ujb_dashboard_scrape,291,b19393169f01a1ca6b8a944eb2302ea82bd4e720,VALID,
2026-10-06,10:58:28,2026,10,HEAD_TRUCK,183,96.83,online,N/A,ujb_dashboard_scrape,292,24f9c911c548bf066cf3e7036da4206b14bf26b2,VALID,
2026-10-06,10:55:07,2026,10,HEAD_TRUCK,190,76.11,online,N/A,ujb_dashboard_scrape,293,9e34e085da5e3b4eb0c10070c722c03e703e656b,VALID,
2026-10-06,10:52:46,2026,10,HEAD_TRUCK,135,61.34,online,N/A,ujb_dashboard_scrape,294,cce9ed5336f30663a40fcb470ede6c68ee61662d,VALID,
2026-10-06,10:52:05,2026,10,HEAD_TRUCK,157,77.32,online,N/A,ujb_dashboard_scrape,295,1e298fa0afa83a88bf6a52e37bd7f6f918234105,VALID,
2026-10-06,10:49:43,2026,10,HEAD_TRUCK,150,25.5,online,N/A,ujb_dashboard_scrape,296,ab3659e121326f141873633a7938a27748a0db1a,VALID,
2026-10-06,10:46:58,2026,10,HEAD_TRUCK,132,80.12,online,N/A,ujb_dashboard_scrape,297,85182c45101e63262e98514239e65b48d8e57af7,VALID,
2026-10-06,10:44:44,2026,10,KEND_OPS,POLISI,36.01,online,N/A,ujb_dashboard_scrape,298,3ea725f7680f2f2ec603df34631ff334dd8adf34,VALID,
2026-10-06,10:41:26,2026,10,HEAD_TRUCK,143,82.29,online,N/A,ujb_dashboard_scrape,299,5283cae953239fd3291138c14fe0d1b8d9f78d13,VALID,
2026-10-06,10:39:32,2026,10,HEAD_TRUCK,185,85.02,online,N/A,ujb_dashboard_scrape,300,3a873b5c8dfd3699d76717dd3dce406e201d4aa1,VALID,
2026-10-06,10:38:57,2026,10,HEAD_TRUCK,151,85.12,online,N/A,ujb_dashboard_scrape,301,f246035491617638d03735204940fccb068dd07e,VALID,
2026-10-06,10:36:25,2026,10,HEAD_TRUCK,144,79.86,online,N/A,ujb_dashboard_scrape,302,2f42a165f39ffb4e91cd258ea51333be67cc3e1d,VALID,
2026-10-06,10:34:24,2026,10,HEAD_TRUCK,208,56.9,online,N/A,ujb_dashboard_scrape,303,85ad213187a0683570b6e3e7c3a6f55a9def60f8,VALID,
2026-10-06,10:31:30,2026,10,HEAD_TRUCK,154,88.3,online,N/A,ujb_dashboard_scrape,304,b068fc76a27ac16f21e31efdd090f973e6d4667e,VALID,
2026-10-06,10:29:02,2026,10,HEAD_TRUCK,159,85.77,online,N/A,ujb_dashboard_scrape,305,f1a8e4194576ae8a26a309e850efa7f0bd13febf,VALID,
2026-10-06,10:25:47,2026,10,HEAD_TRUCK,216,53.9,online,N/A,ujb_dashboard_scrape,306,fb6f62f0d2425b8b7a2ae8c9af0f383ceacc3568,VALID,
2026-10-06,10:25:38,2026,10,KEND_OPS,TRAGA,39.72,online,N/A,ujb_dashboard_scrape,307,49efb9eb5c59cd4f3ad8d2e7902e78ec777d3a1c,VALID,
2026-10-06,10:22:52,2026,10,HEAD_TRUCK,140,73.01,online,N/A,ujb_dashboard_scrape,308,0c44f3e9794df93f74a779a0a61aa37f88e27552,VALID,
2026-10-06,10:20:16,2026,10,HEAD_TRUCK,139,85.71,online,N/A,ujb_dashboard_scrape,309,1378ab6d6fe0fac0643ad208e5679c1428b63c42,VALID,
2026-10-06,10:17:46,2026,10,HEAD_TRUCK,169,81.03,online,N/A,ujb_dashboard_scrape,310,8709806d73a48ce9f0400cabd9dbc3191e30872f,VALID,
2026-10-06,10:15:19,2026,10,HEAD_TRUCK,128,89.89,online,N/A,ujb_dashboard_scrape,311,18a57dcd9ef99aec91db1ddc3cfab28b6208ca9b,VALID,
2026-10-06,10:12:55,2026,10,HEAD_TRUCK,152,85.78,online,N/A,ujb_dashboard_scrape,312,59fede6ba95b00d77036d7c93576857b6327dc4d,VALID,
2026-10-06,10:08:54,2026,10,KEND_OPS,AD 8138 OA,40.0,online,N/A,ujb_dashboard_scrape,313,19929f3699914a46622de0f1116cc98f9b63fb53,VALID,
2026-10-06,10:06:39,2026,10,HEAD_TRUCK,211,58.72,online,N/A,ujb_dashboard_scrape,314,10272e6bc17d1d6f12673e58e4029bf5f77168c2,VALID,
2026-10-06,10:06:05,2026,10,HEAD_TRUCK,186,73.82,online,N/A,ujb_dashboard_scrape,315,b5ef956f8cb41869f764330a83f4a10c42b26059,VALID,
2026-10-06,10:04:15,2026,10,HEAD_TRUCK,170,111.01,online,N/A,ujb_dashboard_scrape,316,6b3d3be9fd675b8cfb19144d502c2f78caa89618,VALID,
2026-10-06,09:59:28,2026,10,HEAD_TRUCK,210,74.6,online,N/A,ujb_dashboard_scrape,317,df566c251a7c9f01e940b94ca40259a2106675dd,VALID,
2026-10-06,09:57:36,2026,10,HEAD_TRUCK,149,87.99,online,N/A,ujb_dashboard_scrape,318,bb1a9223c847a21049116e514be9b150f411a70c,VALID,
2026-10-06,09:56:01,2026,10,HEAD_TRUCK,193,90.02,online,N/A,ujb_dashboard_scrape,319,3c752646bb837006165e0f574a84474d7a0aed89,VALID,
2026-10-06,09:55:22,2026,10,HEAD_TRUCK,173,103.05,online,N/A,ujb_dashboard_scrape,320,95a1978a716c584c29579deb6c1a4fe66eb5e15b,VALID,
2026-10-06,09:52:42,2026,10,HEAD_TRUCK,141,80.15,online,N/A,ujb_dashboard_scrape,321,29d349fc598b949411abe10807df64c77c7aa183,VALID,
2026-10-06,09:51:43,2026,10,HEAD_TRUCK,188,63.9,online,N/A,ujb_dashboard_scrape,322,cd5241024fd5575ec67895351b655f426c9e11ba,VALID,
2026-10-06,09:49:48,2026,10,HEAD_TRUCK,201,50.7,online,N/A,ujb_dashboard_scrape,323,d05f2590edd1d94f55c4444e3e666f12b389cbb8,VALID,
2026-10-06,09:49:30,2026,10,HEAD_TRUCK,168,82.82,online,N/A,ujb_dashboard_scrape,324,5977ede0f4525ca7c3519ded548757349567fe98,VALID,
2026-10-06,09:47:11,2026,10,HEAD_TRUCK,203,80.13,online,N/A,ujb_dashboard_scrape,325,cbae1b1224fa37ff84288735b4b8b011f768b533,VALID,
2026-10-06,09:46:41,2026,10,HEAD_TRUCK,212,91.93,online,N/A,ujb_dashboard_scrape,326,b18b3b80cb1010ebfca182aabf560be432d37b93,VALID,
2026-10-06,09:44:22,2026,10,HEAD_TRUCK,191,80.04,online,N/A,ujb_dashboard_scrape,327,e897f844539b82749c37ff52cfecd6fafd49f66f,VALID,
2026-10-06,09:41:26,2026,10,HEAD_TRUCK,95,66.41,online,N/A,ujb_dashboard_scrape,328,a8587b5013bb6f8caf9f9a81db166ed8bdc7cd9a,VALID,
2026-10-06,09:39:44,2026,10,HEAD_TRUCK,171,88.94,online,N/A,ujb_dashboard_scrape,329,0997ae693b945011c859e6fb5c6dc6e670ee3d97,VALID,
2026-10-06,09:36:42,2026,10,HEAD_TRUCK,131,84.46,online,N/A,ujb_dashboard_scrape,330,757abcbc1e9a3ce074831ee66369b77961e9d964,VALID,
2026-10-06,09:34:06,2026,10,HEAD_TRUCK,175,84.72,online,N/A,ujb_dashboard_scrape,331,73b7bfb62a31c11047e57e90d37cf842bb9be2d3,VALID,
2026-10-06,09:30:49,2026,10,KEND_OPS,RANGGA 01,32.83,online,N/A,ujb_dashboard_scrape,332,81fb15175e9819d845b4e1dc28164af898a4d930,VALID,
2026-10-06,09:25:30,2026,10,HEAD_TRUCK,182,67.75,online,N/A,ujb_dashboard_scrape,333,6776559617b66470de36580d691ea3dbb751ee47,VALID,
2026-10-06,09:23:52,2026,10,HEAD_TRUCK,206,76.6,online,N/A,ujb_dashboard_scrape,334,dd4f699914e4ccbe034211de4bcbede75fde4a29,VALID,
2026-10-06,09:23:05,2026,10,HEAD_TRUCK,192,97.73,online,N/A,ujb_dashboard_scrape,335,59b4aa5e6145576b98424ad403d906ff2ea45972,VALID,
2026-10-06,09:19:02,2026,10,HEAD_TRUCK,207,67.18,online,N/A,ujb_dashboard_scrape,336,04c63c43cbe22a114dfbc9fa6704e353b09f7fd5,VALID,
2026-10-06,09:17:20,2026,10,HEAD_TRUCK,195,85.3,online,N/A,ujb_dashboard_scrape,337,9ce4730a57f7bb96d53174c8b71ff1ffc803de27,VALID,
2026-10-06,09:16:07,2026,10,HEAD_TRUCK,156,100.08,online,N/A,ujb_dashboard_scrape,338,f2e84fb84648d3f1bdc03e8bd4731f693f9aabc3,VALID,
2026-10-06,09:14:00,2026,10,HEAD_TRUCK,197,61.2,online,N/A,ujb_dashboard_scrape,339,2677d6244954d29226123ae8c799c726463ff075,VALID,
2026-10-06,09:12:09,2026,10,FORKLIFT,22,40.0,online,N/A,ujb_dashboard_scrape,340,8d5822007453d741ca6a4146171cf9494f68048a,VALID,
2026-10-06,09:07:20,2026,10,HEAD_TRUCK,147,86.57,online,N/A,ujb_dashboard_scrape,341,48e0669a88400ac2eae58dad0ab474b0a3412ff4,VALID,
2026-10-06,09:06:39,2026,10,HEAD_TRUCK,184,68.49,online,N/A,ujb_dashboard_scrape,342,db49f61db9e750b98b5ab0c0d37a1e504acf0f9b,VALID,
2026-10-06,09:04:25,2026,10,HEAD_TRUCK,136,74.21,online,N/A,ujb_dashboard_scrape,343,61d2b861c56917802fad6f932043c93460bf1729,VALID,
2026-10-06,08:57:34,2026,10,HEAD_TRUCK,133,85.68,online,N/A,ujb_dashboard_scrape,344,75a7a9993c5eaefc334ebc59618a93c86b719291,VALID,
2026-10-06,08:56:45,2026,10,HEAD_TRUCK,153,60.45,online,N/A,ujb_dashboard_scrape,345,b194cca99f779289d7c160d1ad08f86718607ccf,VALID,
2026-10-06,08:54:59,2026,10,HEAD_TRUCK,174,83.15,online,N/A,ujb_dashboard_scrape,346,4344a1e7580af3130075e557386c73bca8d92078,VALID,
2026-10-06,08:54:14,2026,10,HEAD_TRUCK,204,65.56,online,N/A,ujb_dashboard_scrape,347,2d3ad751dd278fa1334322ab888eb7d6cd3448c4,VALID,
2026-10-06,08:51:57,2026,10,HEAD_TRUCK,205,74.7,online,N/A,ujb_dashboard_scrape,348,90b6801a656e810425b70a2b4c65dc31be29f9d6,VALID,
2026-10-06,08:51:56,2026,10,HEAD_TRUCK,181,66.89,online,N/A,ujb_dashboard_scrape,349,1d48a841a543659824406312a60174e96e62d739,VALID,
2026-10-06,08:49:04,2026,10,HEAD_TRUCK,214,57.81,online,N/A,ujb_dashboard_scrape,350,bfbf319dbd5fb01928331125d2a67d0d66aaa968,VALID,
2026-10-06,08:48:21,2026,10,HEAD_TRUCK,196,87.99,online,N/A,ujb_dashboard_scrape,351,c7dff58c493ff627c10b93214b770df84a514bfc,VALID,
2026-10-06,08:46:11,2026,10,HEAD_TRUCK,213,113.01,online,N/A,ujb_dashboard_scrape,352,f7cd6635655abbd12a644afe7fbf56322306e9f3,VALID,
2026-10-06,08:42:49,2026,10,HEAD_TRUCK,134,93.22,online,N/A,ujb_dashboard_scrape,353,9d9414a7bddbd0736c5f23137d8c40d3c16bef70,VALID,
2026-10-06,08:39:53,2026,10,HEAD_TRUCK,138,67.87,online,N/A,ujb_dashboard_scrape,354,bc23126036d4340a652e3734bd6e3df91256301b,VALID,
2026-10-06,08:37:12,2026,10,HEAD_TRUCK,209,80.57,online,N/A,ujb_dashboard_scrape,355,cb7f3fd72e0d3157d5d9991c86b05c08402a607c,VALID,
2026-10-06,08:35:19,2026,10,HEAD_TRUCK,178,60.97,online,N/A,ujb_dashboard_scrape,356,7de4ce21e72956194b4753b73093c03e66d2565c,VALID,
2026-10-06,08:34:42,2026,10,ELF,03,35.0,online,N/A,ujb_dashboard_scrape,357,878436936d2cd6906e9f6b5ae6a97539bd0f1c82,VALID,
2026-10-06,08:31:10,2026,10,HEAD_TRUCK,158,85.22,online,N/A,ujb_dashboard_scrape,358,ac44809d875473d7fde090111785794db69f26f6,VALID,
2026-10-06,08:25:03,2026,10,HEAD_TRUCK,137,122.31,online,N/A,ujb_dashboard_scrape,359,b77ad8d9d4cde0c0e6054f9d77b4f710f4fc92d6,VALID,
2026-10-06,08:19:54,2026,10,HEAD_TRUCK,164,98.56,online,N/A,ujb_dashboard_scrape,360,9a5a2284e190e7f2c50ba4f368827ca7d3370dad,VALID,
2026-10-06,08:18:46,2026,10,HEAD_TRUCK,194,67.38,online,N/A,ujb_dashboard_scrape,361,95377b64f423d74845de0449bb10f161c5ac067f,VALID,
2026-10-06,08:15:27,2026,10,ELF,02,35.0,online,N/A,ujb_dashboard_scrape,362,29b4a1b9e3bb428eb486c165dcc4a643e1270257,VALID,
2026-10-06,08:10:14,2026,10,ELF,01,32.98,online,N/A,ujb_dashboard_scrape,363,9c2e9ceb9539aa902b8862815aab2b7f8786e9b7,VALID,
2026-10-06,08:08:13,2026,10,HEAD_TRUCK,155,53.44,online,N/A,ujb_dashboard_scrape,364,283e168926942598c8a6125a3af6b670831f40f1,VALID,
2026-10-06,08:07:42,2026,10,HEAD_TRUCK,198,71.66,online,N/A,ujb_dashboard_scrape,365,c07786020e4ff9d9e922229bd3a0a0ec707dd281,VALID,
2026-10-05,14:49:34,2026,10,FORKLIFT,30,25.9,online,N/A,ujb_dashboard_scrape,366,688e09fd0e73411aa9b7e61631cfc3a0ce621eaf,VALID,
2026-10-05,14:37:10,2026,10,KEND_OPS,RANGGA 11,31.93,online,N/A,ujb_dashboard_scrape,367,5148727a221509c6f8cfb96696352af43f8c1c4d,VALID,
2026-10-05,14:25:46,2026,10,HEAD_TRUCK,157,104.62,online,N/A,ujb_dashboard_scrape,368,63354226387f964d303863e8525e092e098c5c41,VALID,
2026-10-05,14:21:38,2026,10,HEAD_TRUCK,153,16.43,online,N/A,ujb_dashboard_scrape,369,ef707879786c72f24efa223e23306ba8d919336e,VALID,
2026-10-05,14:19:32,2026,10,HEAD_TRUCK,211,104.53,online,N/A,ujb_dashboard_scrape,370,6b4e4f0446e9a199c9edd1372e38cad89450d333,VALID,
2026-10-05,14:16:28,2026,10,HEAD_TRUCK,140,88.83,online,N/A,ujb_dashboard_scrape,371,497d2d9544058e65fc82e6700328348622100dc9,VALID,
2026-10-05,14:13:22,2026,10,KEND_OPS,RANGGA 04,25.38,online,N/A,ujb_dashboard_scrape,372,b639f1b554140f601bd8c425c0ddc7ee322cc6bd,VALID,
2026-10-05,14:10:59,2026,10,BUS,03,55.0,online,N/A,ujb_dashboard_scrape,373,815ef677164278c1a76babe42ef58f37645c1d47,VALID,
2026-10-05,14:06:46,2026,10,HEAD_TRUCK,178,114.01,online,N/A,ujb_dashboard_scrape,374,725aa1e87c72da3ba9aab6630c872eed20378725,VALID,
2026-10-05,14:04:21,2026,10,KEND_OPS,RANGGA 06,40.0,online,N/A,ujb_dashboard_scrape,375,a8ee5df10348cde5c28a04f8f2e3e1a7a28f9e8f,VALID,
2026-10-05,14:01:42,2026,10,HEAD_TRUCK,202,115.41,online,N/A,ujb_dashboard_scrape,376,098d6e03fac2bf64186a512151dbe3bf03cef3a6,VALID,
2026-10-05,13:54:26,2026,10,HEAD_TRUCK,188,69.44,online,N/A,ujb_dashboard_scrape,377,edbf4ef94488db1625a33d69ed03d7d5fbd192d0,VALID,
2026-10-05,13:43:28,2026,10,HEAD_TRUCK,133,110.71,online,N/A,ujb_dashboard_scrape,378,f083f2ce36a12bd55d99bc65baf3a1d73e59631f,VALID,
2026-10-05,13:40:14,2026,10,HEAD_TRUCK,151,118.66,online,N/A,ujb_dashboard_scrape,379,d4fdba7c8c7f2b6aebe97a7c6a28b453d69723d2,VALID,
2026-10-05,13:37:27,2026,10,HEAD_TRUCK,145,96.11,online,N/A,ujb_dashboard_scrape,380,11c7224fac648b3c694a852b70689dd48f5cddf1,VALID,
2026-10-05,13:35:01,2026,10,HEAD_TRUCK,182,71.53,online,N/A,ujb_dashboard_scrape,381,3c8f5dc522bd4ef97fb6aa5365446836d49973d7,VALID,
2026-10-05,13:33:09,2026,10,HEAD_TRUCK,165,119.15,online,N/A,ujb_dashboard_scrape,382,99e0904bc41d8cdfcaa7939b2e0ff20315b6acb4,VALID,
2026-10-05,13:30:32,2026,10,HEAD_TRUCK,132,99.54,online,N/A,ujb_dashboard_scrape,383,e60f049b6d3c8b50ba33bbaedb86ec5092289537,VALID,
2026-10-05,13:13:24,2026,10,HEAD_TRUCK,177,107.9,online,N/A,ujb_dashboard_scrape,384,6076fd18bd632934b1c8b68763baa64bed004277,VALID,
2026-10-05,13:11:31,2026,10,HEAD_TRUCK,177,9.34,online,N/A,ujb_dashboard_scrape,385,24ec450c55b843a55bee0d380bba2ab0eb2543b4,VALID,
2026-10-05,11:26:13,2026,10,KEND_OPS,B 9015 UBE,40.0,online,N/A,ujb_dashboard_scrape,386,38732dcb772dc76c6c16c423ef1ff8a9cceb6373,VALID,
2026-10-05,11:24:18,2026,10,HEAD_TRUCK,135,109.85,online,N/A,ujb_dashboard_scrape,387,a1f74129ceb4edd32ebbfc8b8e4bca4b8ff8074a,VALID,
2026-10-05,11:23:24,2026,10,KEND_OPS,RANGGA 16,32.73,online,N/A,ujb_dashboard_scrape,388,eec5a6a87f6e90cd0723df0f2d6d3fd19e3428b2,VALID,
2026-10-05,11:10:08,2026,10,HEAD_TRUCK,152,71.98,online,N/A,ujb_dashboard_scrape,389,66606a225bf9dc28e05e6741cba4289a51fe4213,VALID,
2026-10-05,11:01:51,2026,10,HEAD_TRUCK,199,76.88,online,N/A,ujb_dashboard_scrape,390,9a047484f04a3398221af400f7399a9d0fec2d98,VALID,
2026-10-05,10:59:07,2026,10,HEAD_TRUCK,207,77.32,online,N/A,ujb_dashboard_scrape,391,e3d02c565c80e061a878638067943669004426aa,VALID,
2026-10-05,10:58:55,2026,10,HEAD_TRUCK,197,88.45,online,N/A,ujb_dashboard_scrape,392,6f925d48863e1a39521326412e2520bc8e44ee76,VALID,
2026-10-05,10:55:57,2026,10,BUS,02,43.98,online,N/A,ujb_dashboard_scrape,393,fa4d1a10468fe75a871498260db36a5d0fb205d7,VALID,
2026-10-05,10:54:13,2026,10,HEAD_TRUCK,169,76.09,online,N/A,ujb_dashboard_scrape,394,85ff0c283814ef9ecb3bafce896d6bd25eb1d5ce,VALID,
2026-10-05,10:51:25,2026,10,HEAD_TRUCK,208,86.56,online,N/A,ujb_dashboard_scrape,395,51d872c6ba968d6f600c594dd1f0de6253cf77db,VALID,
2026-10-05,10:49:37,2026,10,HEAD_TRUCK,203,98.52,online,N/A,ujb_dashboard_scrape,396,54bb56eecff738d83f2ff691b353f800b44aecd0,VALID,
2026-10-05,10:49:06,2026,10,HEAD_TRUCK,201,80.61,online,N/A,ujb_dashboard_scrape,397,a50cad7ff36f0a4ff2d4f204033f083a53870058,VALID,
2026-10-05,10:46:52,2026,10,HEAD_TRUCK,179,104.56,online,N/A,ujb_dashboard_scrape,398,28ad46a6b8806ba01a24009d8c1c55caa0dddff9,VALID,
2026-10-05,10:45:48,2026,10,HEAD_TRUCK,95,113.25,online,N/A,ujb_dashboard_scrape,399,781b849708c63fc0c690b4fdef571a98df0ff8c9,VALID,
2026-10-05,10:43:02,2026,10,HEAD_TRUCK,154,95.83,online,N/A,ujb_dashboard_scrape,400,d5a70de3497ca45df9d040f8756aafa337fbc65b,VALID,
2026-10-05,10:42:57,2026,10,HEAD_TRUCK,141,119.96,online,N/A,ujb_dashboard_scrape,401,0ff510cf4a9dced0f5993dceed215ba192486bc9,VALID,
2026-10-05,10:39:49,2026,10,HEAD_TRUCK,149,105.67,online,N/A,ujb_dashboard_scrape,402,b5ef3117c6e436115add775038fdab764e5b4a2d,VALID,
2026-10-05,10:33:16,2026,10,BUS,01,49.6,online,N/A,ujb_dashboard_scrape,403,5b9e22663811ffe44a4f96a0d7a18aed4adc6fd0,VALID,
2026-10-05,10:27:31,2026,10,HEAD_TRUCK,180,60.65,online,N/A,ujb_dashboard_scrape,404,a1b68b62fbd9e295696bf53ba294be60721170e3,VALID,
2026-10-05,10:26:53,2026,10,HEAD_TRUCK,143,46.52,online,N/A,ujb_dashboard_scrape,405,8ca367dd1187d259f8b0034aa52e1b828495a8e0,VALID,
2026-10-05,10:24:28,2026,10,HEAD_TRUCK,212,83.25,online,N/A,ujb_dashboard_scrape,406,3a4aad4a708a645bed6a0851d127f0a3a2f7c20c,VALID,
2026-10-05,10:21:46,2026,10,HEAD_TRUCK,210,54.14,online,N/A,ujb_dashboard_scrape,407,ba5b8153008be6dc292d8799d54283dd03bb4721,VALID,
2026-10-05,10:19:33,2026,10,HEAD_TRUCK,144,72.64,online,N/A,ujb_dashboard_scrape,408,594b984371e3a2341687f951cedc2d133d3688ad,VALID,
2026-10-05,10:17:18,2026,10,HEAD_TRUCK,194,59.34,online,N/A,ujb_dashboard_scrape,409,7dd3a8d7791c67dcbcda74200b892a7beede8a95,VALID,
2026-10-05,10:14:51,2026,10,HEAD_TRUCK,163,82.54,online,N/A,ujb_dashboard_scrape,410,1bcc9c9ac947d8aa47f7b1fe95a1966b6e668236,VALID,
2026-10-05,10:09:59,2026,10,HEAD_TRUCK,216,95.35,online,N/A,ujb_dashboard_scrape,411,be683ca01d2009dd51103cd76325ece4dc416907,VALID,
2026-10-05,10:07:39,2026,10,HEAD_TRUCK,186,83.25,online,N/A,ujb_dashboard_scrape,412,cf38d5e6b0c8684ad562cbdd7f81388edbcfec6c,VALID,
2026-10-05,10:05:37,2026,10,HEAD_TRUCK,183,121.34,online,N/A,ujb_dashboard_scrape,413,571a1daddf5bfe2a9f23c1c2e6b4674e4ceda7bb,VALID,
2026-10-05,10:02:54,2026,10,HEAD_TRUCK,206,61.98,online,N/A,ujb_dashboard_scrape,414,b96d693fed4857a51bfee5b565c8a46a45aaafe7,VALID,
2026-10-05,09:58:46,2026,10,HEAD_TRUCK,214,71.19,online,N/A,ujb_dashboard_scrape,415,b78013fe9612b1ade1ecda33015aa22a1c6fa9d9,VALID,
2026-10-05,09:58:29,2026,10,HEAD_TRUCK,185,71.86,online,N/A,ujb_dashboard_scrape,416,fbbbce976b81da058ddbe304c73538ffec55e869,VALID,
2026-10-05,09:55:14,2026,10,HEAD_TRUCK,214,35.5,online,N/A,ujb_dashboard_scrape,417,4d287ada021f0b2f5963349ad63ac6d44501c00f,VALID,
2026-10-05,09:53:23,2026,10,KEND_OPS,RANGGA 04,40.0,online,N/A,ujb_dashboard_scrape,418,4d2a3837291658263a28869ed921244b0bfa0f2f,VALID,
2026-10-05,09:46:27,2026,10,DM,DM,40.0,online,N/A,ujb_dashboard_scrape,419,2619701f104b57db402fa88a90e062e7d505b1e3,VALID,
2026-10-05,09:44:34,2026,10,HEAD_TRUCK,137,68.87,online,N/A,ujb_dashboard_scrape,420,555212ac92df9c242016670d1120ad2c5980e24a,VALID,
2026-10-05,09:41:51,2026,10,HEAD_TRUCK,170,85.91,online,N/A,ujb_dashboard_scrape,421,522c2f9b8ce5b642ccdd861b67b53182bc39eeb7,VALID,
2026-10-05,09:39:18,2026,10,HEAD_TRUCK,195,135.12,online,N/A,ujb_dashboard_scrape,422,4415609f269d9684df68f6e0776ce67722c07419,VALID,
2026-10-05,09:34:38,2026,10,HEAD_TRUCK,166,81.93,online,N/A,ujb_dashboard_scrape,423,9d05c16bff5c5a61c8e9e3cea24b4c0e37a74784,VALID,
2026-10-05,09:32:37,2026,10,HEAD_TRUCK,161,77.73,online,N/A,ujb_dashboard_scrape,424,571fe25ae6f1ccaacd05e3f125cc94e03fc05a63,VALID,
2026-10-05,09:30:38,2026,10,KEND_OPS,RANGGA 13,40.0,online,N/A,ujb_dashboard_scrape,425,60e620e944ac09bc55c518af812d93fb2f3e36dc,VALID,
2026-10-05,09:25:55,2026,10,HEAD_TRUCK,136,77.19,online,N/A,ujb_dashboard_scrape,426,7ab4f416d6d69ed9e06c025344649fb7516857a9,VALID,
2026-10-05,09:23:57,2026,10,HEAD_TRUCK,190,71.72,online,N/A,ujb_dashboard_scrape,427,dad853b1a4b90ab7188e27fb26ba6a5775014001,VALID,
2026-10-05,09:23:38,2026,10,HEAD_TRUCK,138,84.85,online,N/A,ujb_dashboard_scrape,428,a35cb6be71c914960fa87f3c428b3898b8a6013f,VALID,
2026-10-05,09:21:04,2026,10,HEAD_TRUCK,181,86.31,online,N/A,ujb_dashboard_scrape,429,e9e70e1e4a27bf4f913f08cf1ffdec94d1d72bb3,VALID,
2026-10-05,09:20:58,2026,10,HEAD_TRUCK,168,101.09,online,N/A,ujb_dashboard_scrape,430,9b59f2ab6b75ed01aa83f6cd941d36a77b51c706,VALID,
2026-10-05,09:05:49,2026,10,HEAD_TRUCK,164,61.7,online,N/A,ujb_dashboard_scrape,431,8299394ad5a574a7133cb3e72c6e434b20a4e316,VALID,
2026-10-05,09:01:35,2026,10,HEAD_TRUCK,184,36.42,online,N/A,ujb_dashboard_scrape,432,4f5ca6eddb311d37942f13257d8ec89ff65a3a1a,VALID,
2026-10-05,08:57:08,2026,10,HEAD_TRUCK,184,22.59,online,N/A,ujb_dashboard_scrape,433,b3e882c871d0ca7aa3b2daaf04aaf507f3b8f130,VALID,
2026-10-05,08:56:24,2026,10,HEAD_TRUCK,156,94.37,online,N/A,ujb_dashboard_scrape,434,00e1d925bbc17595091147e652daa7564ccf89ef,VALID,
2026-10-05,08:52:15,2026,10,HEAD_TRUCK,171,113.85,online,N/A,ujb_dashboard_scrape,435,4cab6542604aa2ed43e78cf7b2a60a56725ff6ec,VALID,
2026-10-05,08:49:10,2026,10,HEAD_TRUCK,205,128.05,online,N/A,ujb_dashboard_scrape,436,4e6ef3b04950bbf1b9a290accd1a11634faee5f1,VALID,
2026-10-05,08:45:32,2026,10,HEAD_TRUCK,131,107.58,online,N/A,ujb_dashboard_scrape,437,229d27cfae7120b98e4abb6dfd4bbd0eeadf26fd,VALID,
2026-10-05,08:42:32,2026,10,ELF,03,35.0,online,N/A,ujb_dashboard_scrape,438,8d999bc6e34477ea7b8c6c6d0d28c5e4e8043dcd,VALID,
2026-10-05,08:35:55,2026,10,HEAD_TRUCK,158,115.3,online,N/A,ujb_dashboard_scrape,439,f8503b5b1db2e5332045f7cd934c27e928252224,VALID,
2026-10-05,08:34:08,2026,10,ELF,02,35.0,online,N/A,ujb_dashboard_scrape,440,5c308d0bc992e7771df9e76fcafccd19d09d3ff0,VALID,
2026-10-05,08:32:59,2026,10,HEAD_TRUCK,172,108.72,online,N/A,ujb_dashboard_scrape,441,489da4c8e8028e385e761771bb066cb66e43dc19,VALID,
2026-10-05,08:32:11,2026,10,HEAD_TRUCK,147,103.46,online,N/A,ujb_dashboard_scrape,442,e415fe538bb81519f94e5c582a1353a2b3de5a13,VALID,
2026-10-05,08:29:22,2026,10,HEAD_TRUCK,148,95.52,online,N/A,ujb_dashboard_scrape,443,7d14b39a747f0f64759bec2b7d0f9fa5f2504a3e,VALID,
2026-10-05,08:26:52,2026,10,ELF,01,35.0,online,N/A,ujb_dashboard_scrape,444,debcd4a3161c35591293e0de87441ae126c09807,VALID,
2026-10-05,08:25:00,2026,10,HEAD_TRUCK,159,97.22,online,N/A,ujb_dashboard_scrape,445,d1dd0c34b6bde377f93a7ae8132023dd4ee95cab,VALID,
2026-10-05,08:23:35,2026,10,HEAD_TRUCK,196,96.11,online,N/A,ujb_dashboard_scrape,446,7ed4b752c36f9362b41f5754f5e11b9f972c5bdf,VALID,
2026-10-05,08:22:20,2026,10,HEAD_TRUCK,150,79.63,online,N/A,ujb_dashboard_scrape,447,5628ae52515452f1753185be11b904fee0a677f3,VALID,
2026-10-05,08:20:24,2026,10,HEAD_TRUCK,192,36.67,online,N/A,ujb_dashboard_scrape,448,5dde92582cf8454c97a9d4221ba57f9379c7a881,VALID,
2026-10-05,08:20:06,2026,10,HEAD_TRUCK,162,69.27,online,N/A,ujb_dashboard_scrape,449,3a305dd2abda7953e300f2ebb847a7dff960a4fa,VALID,
2026-10-05,08:18:52,2026,10,KEND_OPS,RANGGA 15,40.0,online,N/A,ujb_dashboard_scrape,450,7ee050d84c1ad113250e4bddee3f8b03255a88b5,VALID,
2026-10-05,08:17:41,2026,10,HEAD_TRUCK,139,57.47,online,N/A,ujb_dashboard_scrape,451,74c922f305f7445d9c8c805839d3b3e9b5105836,VALID,
2026-10-05,08:16:24,2026,10,HEAD_TRUCK,198,60.07,online,N/A,ujb_dashboard_scrape,452,ecedf5dd43b77d70e53c04fff00c274c37d19467,VALID,
2026-10-05,08:15:55,2026,10,HEAD_TRUCK,128,92.86,online,N/A,ujb_dashboard_scrape,453,5587ac61c408c65c763a399dea3e6c902f8ee0de,VALID,
2026-10-05,08:12:53,2026,10,HEAD_TRUCK,204,74.37,online,N/A,ujb_dashboard_scrape,454,d9e041347a2742de2cf949058ba76e7ae8530414,VALID,
2026-10-05,08:11:35,2026,10,HEAD_TRUCK,193,71.58,online,N/A,ujb_dashboard_scrape,455,67fa5d0057fe27bfaff48ec08b81f6534cd1d161,VALID,
2026-10-05,08:10:36,2026,10,HEAD_TRUCK,209,121.36,online,N/A,ujb_dashboard_scrape,456,424f05795346649fc2610bf0f9898598808ac759,VALID,
2026-10-05,08:09:01,2026,10,HEAD_TRUCK,174,75.49,online,N/A,ujb_dashboard_scrape,457,edcdd24fb8896d81a679d2ba392d658f3d195c5e,VALID,
2026-10-05,08:07:10,2026,10,HEAD_TRUCK,134,103.26,online,N/A,ujb_dashboard_scrape,458,516c817f5e79225d52a2bc86955a9141aa1a30c9,VALID,
2026-10-05,08:06:42,2026,10,KEND_OPS,TRAGA 01,28.52,online,N/A,ujb_dashboard_scrape,459,6d074af2d1ca5a67bcc27fa8faa61851405ce3c2,VALID,
2026-10-05,08:03:42,2026,10,HEAD_TRUCK,191,68.49,online,N/A,ujb_dashboard_scrape,460,60a158c34e52ec88f538ab52fdf146782d082b3b,VALID,
2026-10-05,08:03:35,2026,10,HEAD_TRUCK,142,87.79,online,N/A,ujb_dashboard_scrape,461,709ce69a252570a11af147ae60f75955c0f16b08,VALID,
2026-10-04,14:05:09,2026,10,HEAD_TRUCK,210,74.28,online,N/A,ujb_dashboard_scrape,462,77cf31d697bca54e0b61c0c012e714c6607b4112,VALID,
2026-10-04,13:55:40,2026,10,HEAD_TRUCK,198,67.03,online,N/A,ujb_dashboard_scrape,463,77106ddc4dc23e8912248e4193ec439da8073188,VALID,
2026-10-04,13:52:44,2026,10,KEND_OPS,RANGGA 04,40.0,online,N/A,ujb_dashboard_scrape,464,062cddf7d77c46096c92699253c6467e9ca5c5dd,VALID,
2026-10-04,13:48:51,2026,10,HEAD_TRUCK,185,106.44,online,N/A,ujb_dashboard_scrape,465,766bb4ea21ae6d944a275aa4c8cb12a003d102d8,VALID,
2026-10-04,13:44:54,2026,10,HEAD_TRUCK,161,118.99,online,N/A,ujb_dashboard_scrape,466,db7aa2fed78b874f8b933353186f90f9b0638981,VALID,
2026-10-04,13:39:48,2026,10,HEAD_TRUCK,190,85.13,online,N/A,ujb_dashboard_scrape,467,7986c02b05e378479449448b932a1167067f58d2,VALID,
2026-10-04,13:31:00,2026,10,HEAD_TRUCK,182,78.42,online,N/A,ujb_dashboard_scrape,468,68f70fe91ca9f531b3b36cc5921ea88cc8a7f875,VALID,
2026-10-04,13:21:44,2026,10,HEAD_TRUCK,139,87.4,online,N/A,ujb_dashboard_scrape,469,2d156fb327b13e4f705f698437b34a55fd54fb6e,VALID,
2026-10-04,13:15:36,2026,10,HEAD_TRUCK,194,79.22,online,N/A,ujb_dashboard_scrape,470,97f858f7c8ea319d45533bac50aa17de6091e9ad,VALID,
2026-10-04,13:12:02,2026,10,HEAD_TRUCK,162,86.29,online,N/A,ujb_dashboard_scrape,471,60751fcfd6b592713f5dfc2861f7045f09ed9bc1,VALID,
2026-10-04,11:33:32,2026,10,BUS,03,49.58,online,N/A,ujb_dashboard_scrape,472,14939ab42a2cf087803d7d201a51f77f49c862f2,VALID,
2026-10-04,11:30:30,2026,10,HEAD_TRUCK,143,100.79,online,N/A,ujb_dashboard_scrape,473,4b66f9cc0847592ded2b862a79af3ccc281dc194,VALID,
2026-10-04,11:27:44,2026,10,HEAD_TRUCK,193,101.91,online,N/A,ujb_dashboard_scrape,474,0a3b7b350a24ba9d7651e5e673778d34342d8ee3,VALID,
2026-10-04,11:25:04,2026,10,BUS,02,53.72,online,N/A,ujb_dashboard_scrape,475,f1aeb9a01ab2f368fe9606f5ab501f3651c54a1a,VALID,
2026-10-04,11:17:40,2026,10,BUS,01,50.81,online,N/A,ujb_dashboard_scrape,476,d81c0b91821a14d80a7f31bc01c3015f8c91e693,VALID,
2026-10-04,11:11:19,2026,10,HEAD_TRUCK,216,70.98,online,N/A,ujb_dashboard_scrape,477,6767ec420a04d5ebda80f5cd0c88442fdc37172a,VALID,
2026-10-04,11:03:47,2026,10,HEAD_TRUCK,184,65.55,online,N/A,ujb_dashboard_scrape,478,5784beb1b11c08d536933213f3de071136b491b8,VALID,
2026-10-04,11:01:06,2026,10,HEAD_TRUCK,208,104.57,online,N/A,ujb_dashboard_scrape,479,48258360bdacdbb9aa090e71a495c1e767dbd245,VALID,
2026-10-04,10:58:01,2026,10,HEAD_TRUCK,133,66.42,online,N/A,ujb_dashboard_scrape,480,191bbd1d2623724404b63dfedc284755946d1811,VALID,
2026-10-04,10:55:29,2026,10,HEAD_TRUCK,140,89.62,online,N/A,ujb_dashboard_scrape,481,5bb7b604d25aea479317e3a2e809e08da12437f2,VALID,
2026-10-04,10:52:48,2026,10,HEAD_TRUCK,142,77.42,online,N/A,ujb_dashboard_scrape,482,127c8b7bb55a94178fa2cf8419a81085ac466bc1,VALID,
2026-10-04,10:50:35,2026,10,HEAD_TRUCK,181,72.91,online,N/A,ujb_dashboard_scrape,483,17e30d29f5be8952e986c8fb4ca039ba16e98bee,VALID,
2026-10-04,10:48:00,2026,10,HEAD_TRUCK,157,108.47,online,N/A,ujb_dashboard_scrape,484,dba2cfa63e8f4c0e2d3e5b627f49ee813e0caa72,VALID,
2026-10-04,10:44:48,2026,10,HEAD_TRUCK,156,102.48,online,N/A,ujb_dashboard_scrape,485,5cdd458ee88977b325322e8f373c5687da22627b,VALID,
2026-10-04,10:41:55,2026,10,HEAD_TRUCK,196,87.32,online,N/A,ujb_dashboard_scrape,486,f66bc08cd532c87b53c3e057365c84ac90957c5b,VALID,
2026-10-04,10:37:59,2026,10,HEAD_TRUCK,206,90.18,online,N/A,ujb_dashboard_scrape,487,558660fbd20660aadbafecb3465039e3f8771143,VALID,
2026-10-04,10:35:34,2026,10,HEAD_TRUCK,131,106.61,online,N/A,ujb_dashboard_scrape,488,b1d11b5388da0a600a6aa7a52f427dc5c647e406,VALID,
2026-10-04,10:32:39,2026,10,HEAD_TRUCK,201,93.88,online,N/A,ujb_dashboard_scrape,489,bddfd4e280eeaa77702d17c56870c3c8ac63d037,VALID,
2026-10-04,10:29:47,2026,10,HEAD_TRUCK,204,53.88,online,N/A,ujb_dashboard_scrape,490,d6e1ae6f04412f3c8a8fd953a46b59b7a770b4d0,VALID,
2026-10-04,10:16:07,2026,10,HEAD_TRUCK,147,92.83,online,N/A,ujb_dashboard_scrape,491,2a0db62fbd5b904c922d56d6acf94d5938893ba3,VALID,
2026-10-04,10:08:25,2026,10,HEAD_TRUCK,214,86.47,online,N/A,ujb_dashboard_scrape,492,7515d72f107a1df8c8325b1a403a6ca66a95b3a2,VALID,
2026-10-04,10:04:57,2026,10,HEAD_TRUCK,170,90.37,online,N/A,ujb_dashboard_scrape,493,1ee8e35dfc1a76159842ad6d86a9c6f68b286bfc,VALID,
2026-10-04,10:02:00,2026,10,HEAD_TRUCK,150,95.2,online,N/A,ujb_dashboard_scrape,494,6a3439a4d2a1913aa882c63c7cc0c8556dab7d90,VALID,
2026-10-04,09:59:20,2026,10,HEAD_TRUCK,163,93.36,online,N/A,ujb_dashboard_scrape,495,775f24f98cb42b0d63f2cc07249668ea4321ab2e,VALID,
2026-10-04,09:56:27,2026,10,HEAD_TRUCK,145,96.91,online,N/A,ujb_dashboard_scrape,496,e40acd378c7eaa5186a6ee3b961b2032cf359e29,VALID,
2026-10-04,09:51:07,2026,10,HEAD_TRUCK,171,114.14,online,N/A,ujb_dashboard_scrape,497,ba59edd91bcb14d535d39b99438a8761c1801d48,VALID,
2026-10-04,09:48:10,2026,10,HEAD_TRUCK,164,84.87,online,N/A,ujb_dashboard_scrape,498,b68bc19d50f765793a0ca3e1d402249b315b1abf,VALID,
2026-10-04,09:47:13,2026,10,HEAD_TRUCK,174,92.59,online,N/A,ujb_dashboard_scrape,499,bc550b25ef50a0dd3efa0e0b4643be2faa3332e2,VALID,
2026-10-04,09:42:05,2026,10,KEND_OPS,B 9428 UAT,36.21,online,N/A,ujb_dashboard_scrape,500,fe1344a4495d585d0a48e4e9929afa3d60dde4fa,VALID,
2026-10-04,09:37:25,2026,10,HEAD_TRUCK,95,107.64,online,N/A,ujb_dashboard_scrape,501,887f47065cfdba2e6540227108cdb5c4f09b320f,VALID,
2026-10-04,09:34:28,2026,10,HEAD_TRUCK,149,63.93,online,N/A,ujb_dashboard_scrape,502,b32e6a85af991589b7bc917a6adacfb593a0d3f2,VALID,
2026-10-04,09:32:18,2026,10,HEAD_TRUCK,136,79.66,online,N/A,ujb_dashboard_scrape,503,8e1d4e4299a7c25f27ff1fc1106dda83c02da169,VALID,
2026-10-04,09:29:04,2026,10,HEAD_TRUCK,151,106.67,online,N/A,ujb_dashboard_scrape,504,6c369b692f0e9fe98d716c29325023d653730eba,VALID,
2026-10-04,09:26:14,2026,10,HEAD_TRUCK,135,88.76,online,N/A,ujb_dashboard_scrape,505,5aaf181e9e3b58bc7bb7b7d1cd0a87291fab5a75,VALID,
2026-10-04,09:25:56,2026,10,HEAD_TRUCK,205,98.75,online,N/A,ujb_dashboard_scrape,506,d02cfb3bab864122c00b337425b815a41f6a3317,VALID,
2026-10-04,09:22:16,2026,10,HEAD_TRUCK,148,108.72,online,N/A,ujb_dashboard_scrape,507,b9d481a67b668a4a71685331736beec6f45cef46,VALID,
2026-10-04,09:21:03,2026,10,HEAD_TRUCK,144,93.63,online,N/A,ujb_dashboard_scrape,508,9bf1ee4042216bf988e412b3296013c18c81cf62,VALID,
2026-10-04,09:18:16,2026,10,HEAD_TRUCK,159,98.58,online,N/A,ujb_dashboard_scrape,509,0402de179740c83733a6b5aaf6f5dc2b86c10261,VALID,
2026-10-04,09:16:56,2026,10,HEAD_TRUCK,166,83.88,online,N/A,ujb_dashboard_scrape,510,7725132dc8c0dbea25813757cc578414fcc155d4,VALID,
2026-10-04,09:14:21,2026,10,HEAD_TRUCK,137,85.42,online,N/A,ujb_dashboard_scrape,511,4903cadfbbf47901188602271220f4b3d3891bbd,VALID,
2026-10-04,09:13:25,2026,10,HEAD_TRUCK,203,90.83,online,N/A,ujb_dashboard_scrape,512,772f6e741fd0033434bbf1f7678269adb10ad071,VALID,
2026-10-04,09:10:55,2026,10,HEAD_TRUCK,134,100.54,online,N/A,ujb_dashboard_scrape,513,8d68e2cfd7af7d613b0ddd65b5d2896873b162ac,VALID,
2026-10-04,09:09:51,2026,10,HEAD_TRUCK,175,78.13,online,N/A,ujb_dashboard_scrape,514,afd83572aca1df310545a360a574cebbebf2bd3f,VALID,
2026-10-04,09:07:17,2026,10,ELF,03,0.93,online,N/A,ujb_dashboard_scrape,515,689d98fc5fa86bd63089c79915450d4749ad4989,VALID,
2026-10-04,09:06:28,2026,10,ELF,03,25.75,online,N/A,ujb_dashboard_scrape,516,c8f873370c69b59f707f7f621a105f0938713dba,VALID,
2026-10-04,09:06:25,2026,10,HEAD_TRUCK,186,75.36,online,N/A,ujb_dashboard_scrape,517,0aa91b1e9e29e81cd43a4ae2aa51da8e7ee2dc97,VALID,
2026-10-04,09:04:29,2026,10,ELF,02,35.0,online,N/A,ujb_dashboard_scrape,518,d6b34e06a018a3f17e81f69a8b5c1900a39fa107,VALID,
2026-10-04,09:03:59,2026,10,HEAD_TRUCK,195,76.61,online,N/A,ujb_dashboard_scrape,519,cb2d9579616fbcaa5e1848863e7006707f9009e9,VALID,
2026-10-04,09:02:27,2026,10,HEAD_TRUCK,132,94.69,online,N/A,ujb_dashboard_scrape,520,33f4275e62ed24894834933dbb82107b172731dc,VALID,
2026-10-04,09:00:43,2026,10,HEAD_TRUCK,177,74.95,online,N/A,ujb_dashboard_scrape,521,8a234f0ff4e098d54ff787e94fbc8eb2d866cedb,VALID,
2026-10-04,08:59:35,2026,10,HEAD_TRUCK,177,94.33,online,N/A,ujb_dashboard_scrape,522,2390a18ec24a30416cb18ef8176f4494560098be,VALID,
2026-10-04,08:57:02,2026,10,HEAD_TRUCK,188,55.53,online,N/A,ujb_dashboard_scrape,523,49089a3927ebf9216f7a3e1d3fc524a0405fd69a,VALID,
2026-10-04,08:55:08,2026,10,HEAD_TRUCK,191,79.85,online,N/A,ujb_dashboard_scrape,524,b3dea58b7541cd525b8df91e886daaa33697f375,VALID,
2026-10-04,08:53:12,2026,10,HEAD_TRUCK,167,100.21,online,N/A,ujb_dashboard_scrape,525,6bf062ef4c60e083c34030830a6d84b440943b40,VALID,
2026-10-04,08:51:56,2026,10,HEAD_TRUCK,199,75.31,online,N/A,ujb_dashboard_scrape,526,277e244c85e8de884b31f1018c07a37ef1589aa8,VALID,
2026-10-04,08:50:27,2026,10,HEAD_TRUCK,152,77.1,online,N/A,ujb_dashboard_scrape,527,ea43c3046228c3d9f82c56fcfbb97368ee0d7017,VALID,
2026-10-04,08:47:39,2026,10,HEAD_TRUCK,152,18.09,online,N/A,ujb_dashboard_scrape,528,f646d7b6e8e55a701fab06d1a4cc42e7a847276d,VALID,
2026-10-04,08:43:24,2026,10,HEAD_TRUCK,138,92.9,online,N/A,ujb_dashboard_scrape,529,d83067763e5373dc2ca6e8e93e7b905d823804d7,VALID,
2026-10-04,08:41:30,2026,10,HEAD_TRUCK,211,103.81,online,N/A,ujb_dashboard_scrape,530,f2f4b29b697920fe0483628df5a90bf41afa8ee9,VALID,
2026-10-04,08:39:17,2026,10,HEAD_TRUCK,207,82.8,online,N/A,ujb_dashboard_scrape,531,a1f0c3444371ee82e39fc9e15663a5ab06056ca8,VALID,
2026-10-04,08:37:13,2026,10,HEAD_TRUCK,141,85.62,online,N/A,ujb_dashboard_scrape,532,5701b3beaab65192b729c62e1fb46c5190b4d31a,VALID,
2026-10-04,08:35:04,2026,10,ELF,01,35.0,online,N/A,ujb_dashboard_scrape,533,4a0b34c7415465ae5c39b1823daa58faf639ba2f,VALID,
2026-10-04,08:33:01,2026,10,HEAD_TRUCK,209,101.47,online,N/A,ujb_dashboard_scrape,534,50632d90b503d6e985e0b6c3cbf61e1465944d0b,VALID,
2026-10-04,08:31:03,2026,10,HEAD_TRUCK,128,100.28,online,N/A,ujb_dashboard_scrape,535,68afe2850c0a2d4ed12830215fdc8f2679208dfc,VALID,
2026-10-04,08:28:12,2026,10,HEAD_TRUCK,202,28.76,online,N/A,ujb_dashboard_scrape,536,6a44d8f700b103560fa5a5acdbc9e793afdd8882,VALID,
2026-10-04,08:28:10,2026,10,HEAD_TRUCK,212,93.16,online,N/A,ujb_dashboard_scrape,537,8bdd5724d175910fae05e49802bff1252eb959e3,VALID,
2026-10-04,08:25:58,2026,10,HEAD_TRUCK,183,79.01,online,N/A,ujb_dashboard_scrape,538,311071f6e1a29dd9ea77635b9d32e60a9ea6ee67,VALID,
2026-10-04,08:25:13,2026,10,HEAD_TRUCK,165,93.25,online,N/A,ujb_dashboard_scrape,539,a3e604430fae1a1f9676ec232d6924a3c3a0c56d,VALID,
2026-10-04,08:23:53,2026,10,HEAD_TRUCK,197,45.4,online,N/A,ujb_dashboard_scrape,540,9c32569d5829e02ba69f41dfd6110e6ef8aa97c2,VALID,
2026-10-04,08:22:43,2026,10,HEAD_TRUCK,154,43.57,online,N/A,ujb_dashboard_scrape,541,0bb5e30b5ce2e327d5d3c7aa56bebadad79fac68,VALID,
2026-10-04,08:20:40,2026,10,HEAD_TRUCK,178,78.96,online,N/A,ujb_dashboard_scrape,542,90366fdbb231cdf0045507d5f32697fe5ecf390b,VALID,
2026-10-04,08:19:54,2026,10,HEAD_TRUCK,169,80.19,online,N/A,ujb_dashboard_scrape,543,534e7cffe93d5047a14677dd24b1bdcd3a709070,VALID,
2026-10-04,08:18:34,2026,10,HEAD_TRUCK,179,87.73,online,N/A,ujb_dashboard_scrape,544,b025462c859fa6741cf9569f3c8fd55758552512,VALID,
2026-10-04,08:17:18,2026,10,HEAD_TRUCK,168,87.56,online,N/A,ujb_dashboard_scrape,545,dde940f5062f059eebf0bcea6eccd7cbaa9425af,VALID,
2026-10-04,08:13:37,2026,10,HEAD_TRUCK,168,0.31,online,N/A,ujb_dashboard_scrape,546,64dbb7f6ee679f2a1d7620d6b13ffcb2f15d8ad4,VALID,
2026-10-03,14:38:23,2026,10,HEAD_TRUCK,185,90.81,online,N/A,ujb_dashboard_scrape,547,a189a9bb24b52079965eb06962833cd305137e27,VALID,
2026-10-03,14:13:54,2026,10,KEND_OPS,RANGGA 02,38.57,online,N/A,ujb_dashboard_scrape,548,3dc00d761c2aeeb9f7b79e4c170bcb9de6f44574,VALID,
2026-10-03,14:09:57,2026,10,HEAD_TRUCK,139,78.54,online,N/A,ujb_dashboard_scrape,549,988ed7c786546115fcee14bb45ccd7114a41e65e,VALID,
2026-10-03,13:42:17,2026,10,HEAD_TRUCK,162,56.76,online,N/A,ujb_dashboard_scrape,550,8dab4650659a0ac255b317c8be2f8143ef6d5539,VALID,
2026-10-03,13:36:53,2026,10,KEND_OPS,RANGGA 03,40.0,online,N/A,ujb_dashboard_scrape,551,b9f184e721d91fb1117236922d472ac3528b26df,VALID,
2026-10-03,13:21:07,2026,10,HEAD_TRUCK,213,100.74,online,N/A,ujb_dashboard_scrape,552,7eaf3ae3edac297fd75950276f070e1c9fb16cd1,VALID,
2026-10-03,13:13:56,2026,10,HEAD_TRUCK,142,70.58,online,N/A,ujb_dashboard_scrape,553,595a4336a4599af9275b76d35d19c8906ec43b14,VALID,
2026-10-03,13:11:16,2026,10,HEAD_TRUCK,147,79.12,online,N/A,ujb_dashboard_scrape,554,aeb1b21705078d07707f75fd8d8f09623ff98433,VALID,
2026-10-03,13:07:56,2026,10,HEAD_TRUCK,95,59.76,online,N/A,ujb_dashboard_scrape,555,bbcf6cb6ec2b26f4589c61dd6d6b3c2e463d9459,VALID,
2026-10-03,11:41:03,2026,10,HEAD_TRUCK,193,95.89,online,N/A,ujb_dashboard_scrape,556,14a94ca7a1edf7c26a492a354d34e9bfebb33423,VALID,
2026-10-03,11:37:47,2026,10,HEAD_TRUCK,196,79.58,online,N/A,ujb_dashboard_scrape,557,a7be2666f4a287c6d3647213d2ad077c3b480c30,VALID,
2026-10-03,11:35:10,2026,10,HEAD_TRUCK,145,76.02,online,N/A,ujb_dashboard_scrape,558,74837361909f3d2cee94792193a7460b2d6ecb2f,VALID,
2026-10-03,11:32:24,2026,10,HEAD_TRUCK,211,86.99,online,N/A,ujb_dashboard_scrape,559,0c209c1a808bcfa4e18840c30719b0ef81be0e74,VALID,
2026-10-03,11:29:41,2026,10,HEAD_TRUCK,190,44.57,online,N/A,ujb_dashboard_scrape,560,4aff35c1882095b6000ddc7a6aafac7c333eea9a,VALID,
2026-10-03,11:27:27,2026,10,HEAD_TRUCK,131,36.52,online,N/A,ujb_dashboard_scrape,561,613e0b84e3fc117a7b30d8b57c59936169a10365,VALID,
2026-10-03,11:25:56,2026,10,HEAD_TRUCK,164,92.59,online,N/A,ujb_dashboard_scrape,562,d895e43f6d7272ba97fbaf040851725d14674bc2,VALID,
2026-10-03,11:21:36,2026,10,HEAD_TRUCK,201,79.04,online,N/A,ujb_dashboard_scrape,563,efc930dc2c0783f030c07d0c81ca34b75294382d,VALID,
2026-10-03,11:18:59,2026,10,HEAD_TRUCK,174,70.5,online,N/A,ujb_dashboard_scrape,564,349d36c3e31d4301a6fcacb90474d6f3ed3362c9,VALID,
2026-10-03,11:16:01,2026,10,HEAD_TRUCK,138,87.76,online,N/A,ujb_dashboard_scrape,565,2ba4c6acc0baf0c88d75538059dbf6ba26ce8f67,VALID,
2026-10-03,11:13:28,2026,10,HEAD_TRUCK,132,72.26,online,N/A,ujb_dashboard_scrape,566,a7d55da1b26dbc7a99e348628bc1804911deda1f,VALID,
2026-10-03,11:10:47,2026,10,HEAD_TRUCK,208,63.31,online,N/A,ujb_dashboard_scrape,567,ffea0236d7f1df8a3815b16b21c46b56ba261801,VALID,
2026-10-03,11:08:34,2026,10,HEAD_TRUCK,167,76.55,online,N/A,ujb_dashboard_scrape,568,6df43d0ebaab0c418ee91fb4211008139ab22306,VALID,
2026-10-03,11:06:14,2026,10,HEAD_TRUCK,191,59.46,online,N/A,ujb_dashboard_scrape,569,be5690bf03ae5178f0f90a3561d81e13791d7817,VALID,
2026-10-03,11:03:51,2026,10,HEAD_TRUCK,143,73.96,online,N/A,ujb_dashboard_scrape,570,fdf88c0d2dcb09fb820f21d5ab775b037cb99ab2,VALID,
2026-10-03,11:01:47,2026,10,BUS,03,47.3,online,N/A,ujb_dashboard_scrape,571,e91c8055dd5c84f8b051d94a83f2dfa86e2738b5,VALID,
2026-10-03,10:59:03,2026,10,HEAD_TRUCK,198,70.38,online,N/A,ujb_dashboard_scrape,572,ff88967b34bf93c6eaadc168059be2847655ce51,VALID,
2026-10-03,10:56:33,2026,10,HEAD_TRUCK,216,59.99,online,N/A,ujb_dashboard_scrape,573,0efe3feb06cfa8e1063eee1a72dba51cd6b3c438,VALID,
2026-10-03,10:54:15,2026,10,HEAD_TRUCK,136,56.79,online,N/A,ujb_dashboard_scrape,574,fd499aaa17b1fd019228b92bf64488c0a774b482,VALID,
2026-10-03,10:52:19,2026,10,HEAD_TRUCK,161,67.63,online,N/A,ujb_dashboard_scrape,575,0bf4dc202f000079b4329a0a0c5c3e8026513729,VALID,
2026-10-03,10:50:14,2026,10,HEAD_TRUCK,148,61.98,online,N/A,ujb_dashboard_scrape,576,a822e7f3bf8acd0b9f31ad08cd357db4e1feeb47,VALID,
2026-10-03,10:48:16,2026,10,HEAD_TRUCK,166,80.07,online,N/A,ujb_dashboard_scrape,577,ceb91ecc076330e6bc313d18911c52985bf075d9,VALID,
2026-10-03,10:45:16,2026,10,HEAD_TRUCK,144,64.42,online,N/A,ujb_dashboard_scrape,578,725d3d9d985e6bec04e88505bbc580dc7941f3b9,VALID,
2026-10-03,10:43:03,2026,10,HEAD_TRUCK,132,72.14,online,N/A,ujb_dashboard_scrape,579,e0e473da4267355b7e84289d34c57b15e5484498,VALID,
2026-10-03,10:40:45,2026,10,HEAD_TRUCK,157,72.56,online,N/A,ujb_dashboard_scrape,580,fefa7d0d57a48a1d6a24cf2f797ffe98021a4b33,VALID,
2026-10-03,10:38:23,2026,10,HEAD_TRUCK,156,86.28,online,N/A,ujb_dashboard_scrape,581,00b9a2bf11c143fa3255cf7281165f950c2d759a,VALID,
2026-10-03,10:35:54,2026,10,HEAD_TRUCK,140,70.93,online,N/A,ujb_dashboard_scrape,582,e0174e7af37a8f88b629f43a7975e89b998b6ea8,VALID,
2026-10-03,10:33:39,2026,10,HEAD_TRUCK,169,102.72,online,N/A,ujb_dashboard_scrape,583,618d937e605cd3bcffd212f2a66def70332888c9,VALID,
2026-10-03,10:30:46,2026,10,HEAD_TRUCK,154,77.36,online,N/A,ujb_dashboard_scrape,584,316f26a166ad5c14b439f38b15ed000e70387320,VALID,
2026-10-03,10:28:28,2026,10,HEAD_TRUCK,150,83.08,online,N/A,ujb_dashboard_scrape,585,8540ae0c6ad2c7c31e875f91b85232d58d591d95,VALID,
2026-10-03,10:26:09,2026,10,HEAD_TRUCK,179,61.65,online,N/A,ujb_dashboard_scrape,586,bbcd723f1461bbe09a571ebf8474aed1bc973070,VALID,
2026-10-03,10:23:44,2026,10,HEAD_TRUCK,149,60.01,online,N/A,ujb_dashboard_scrape,587,575eb6feb44099358658117878530ef7cdb28a33,VALID,
2026-10-03,10:21:00,2026,10,HEAD_TRUCK,153,60.29,online,N/A,ujb_dashboard_scrape,588,d0286c32afa2b894ea05e26872e2245f4983577d,VALID,
2026-10-03,10:18:52,2026,10,HEAD_TRUCK,151,81.16,online,N/A,ujb_dashboard_scrape,589,50fb9aab9b01284a7d059d22f17bee49b260fc67,VALID,
2026-10-03,10:16:02,2026,10,HEAD_TRUCK,178,77.04,online,N/A,ujb_dashboard_scrape,590,f88c172c61e6d76943e6b5fee07bbeb0656b4c06,VALID,
2026-10-03,10:15:05,2026,10,HEAD_TRUCK,133,89.41,online,N/A,ujb_dashboard_scrape,591,392fd78cb93775cac67541c6ce18faec5cda9aa9,VALID,
2026-10-03,10:12:28,2026,10,HEAD_TRUCK,186,62.2,online,N/A,ujb_dashboard_scrape,592,0e8b35996b25ca9b733a2973555193bdf13f1ed4,VALID,
2026-10-03,10:11:47,2026,10,HEAD_TRUCK,134,99.42,online,N/A,ujb_dashboard_scrape,593,856cd1277cbe36da0ee5a3592b7cc8871626983c,VALID,
2026-10-03,10:08:49,2026,10,HEAD_TRUCK,202,77.62,online,N/A,ujb_dashboard_scrape,594,c376ccbb7b6151df588b416c06da5ff9e9b7bba4,VALID,
2026-10-03,10:07:42,2026,10,HEAD_TRUCK,137,93.35,online,N/A,ujb_dashboard_scrape,595,fddb4a6ad4de1908ed7199c1132708fd805ad593,VALID,
2026-10-03,10:04:39,2026,10,HEAD_TRUCK,203,68.96,online,N/A,ujb_dashboard_scrape,596,7062fe13ac8ccb71b74c73db0057fcdf17f178f0,VALID,
2026-10-03,10:04:32,2026,10,HEAD_TRUCK,215,106.86,online,N/A,ujb_dashboard_scrape,597,a22a701d6b732f8c9f278a24f69f6570f80bf8cb,VALID,
2026-10-03,10:01:08,2026,10,HEAD_TRUCK,195,79.95,online,N/A,ujb_dashboard_scrape,598,d1e00cdbcc74ebcbaaaa7e89823b4daf1d5a0a31,VALID,
2026-10-03,09:58:24,2026,10,HEAD_TRUCK,135,71.08,online,N/A,ujb_dashboard_scrape,599,c8b118601a4d55f0b54ece9d2753ac0361ab6a12,VALID,
2026-10-03,09:55:36,2026,10,HEAD_TRUCK,188,67.75,online,N/A,ujb_dashboard_scrape,600,4c2deceb0dfbd90b557d0982b943816a8cb3f691,VALID,
2026-10-03,09:51:45,2026,10,HEAD_TRUCK,205,82.64,online,N/A,ujb_dashboard_scrape,601,8722a8c7242e2cdb6f7c66d9cafd8ac547796a43,VALID,
2026-10-03,09:47:59,2026,10,HEAD_TRUCK,184,76.75,online,N/A,ujb_dashboard_scrape,602,67f008f8d2fbad96430e0b6eaaaf7ee5012f0990,VALID,
2026-10-03,09:44:57,2026,10,HEAD_TRUCK,212,69.67,online,N/A,ujb_dashboard_scrape,603,6d3ee0d528f430502045eab7e173dd44f483efa6,VALID,
2026-10-03,09:42:09,2026,10,KEND_OPS,RANGGA 07,36.14,online,N/A,ujb_dashboard_scrape,604,3e57e595461437315f7405e2839cc0c516bab8da,VALID,
2026-10-03,09:39:27,2026,10,HEAD_TRUCK,204,77.81,online,N/A,ujb_dashboard_scrape,605,aeadf5f927a02d228da3a0f1a91163187e777238,VALID,
2026-10-03,09:35:48,2026,10,HEAD_TRUCK,177,73.25,online,N/A,ujb_dashboard_scrape,606,96012d13a736b6cb1a50ed7a0eb2daa4b40c7bd4,VALID,
2026-10-03,09:33:17,2026,10,HEAD_TRUCK,206,87.64,online,N/A,ujb_dashboard_scrape,607,87a6fde336fc4c3d904fb5b3a17c7ba7e1bfdf79,VALID,
2026-10-03,09:30:41,2026,10,BUS,02,55.0,online,N/A,ujb_dashboard_scrape,608,f1d349bc7c89dc0602860e83cd7d375ca656cd7d,VALID,
2026-10-03,09:25:35,2026,10,HEAD_TRUCK,170,86.83,online,N/A,ujb_dashboard_scrape,609,8f182984a5aca95cd4afff5c81a28372ab3ed3a5,VALID,
2026-10-03,09:23:09,2026,10,HEAD_TRUCK,141,63.83,online,N/A,ujb_dashboard_scrape,610,bccceecdf2d3b54611788f58bc6559baa8000a7e,VALID,
2026-10-03,09:21:03,2026,10,HEAD_TRUCK,171,88.05,online,N/A,ujb_dashboard_scrape,611,0ec464ab9f395991eeb74b9d1d6f57b246e8cd9a,VALID,
2026-10-03,09:18:31,2026,10,HEAD_TRUCK,159,147.56,online,N/A,ujb_dashboard_scrape,612,3628ae1f6797cbf113e4be971b3c73513d9a8b69,VALID,
2026-10-03,09:15:08,2026,10,HEAD_TRUCK,158,73.78,online,N/A,ujb_dashboard_scrape,613,d612ebce89419082ff432f860f01566445a3e3da,VALID,
2026-10-03,09:12:50,2026,10,HEAD_TRUCK,214,85.8,online,N/A,ujb_dashboard_scrape,614,4443a149e5259b818342f6831a7feef07d109d56,VALID,
2026-10-03,09:10:21,2026,10,HEAD_TRUCK,209,100.39,online,N/A,ujb_dashboard_scrape,615,c8d1d680abfe339fcf496f2d0c0b541c4f8c2c61,VALID,
2026-10-03,09:07:19,2026,10,HEAD_TRUCK,199,66.31,online,N/A,ujb_dashboard_scrape,616,b8c596ac2a8323124d7dc095380f3185865db580,VALID,
2026-10-03,09:04:21,2026,10,HEAD_TRUCK,152,74.71,online,N/A,ujb_dashboard_scrape,617,3e0d737d3ad08dd4c23f5ee038e9b050ffb7937f,VALID,
2026-10-03,09:00:48,2026,10,HEAD_TRUCK,194,55.93,online,N/A,ujb_dashboard_scrape,618,e8a9fb945b9f791c0074f883d503eea128d07c44,VALID,
2026-10-03,08:57:21,2026,10,HEAD_TRUCK,210,94.18,online,N/A,ujb_dashboard_scrape,619,d46ea75aa85da386a6e608ffe3c8123a1086f6e5,VALID,
2026-10-03,08:51:48,2026,10,ELF,03,35.0,online,N/A,ujb_dashboard_scrape,620,9dccc0eb85a4c1f364339de38c6e3fb1c0813bd3,VALID,
2026-10-03,08:46:29,2026,10,ELF,02,35.0,online,N/A,ujb_dashboard_scrape,621,544bed2a7346b5f8f13e73d7ca1cc0e565cf13cd,VALID,
2026-10-03,08:43:26,2026,10,HEAD_TRUCK,197,84.93,online,N/A,ujb_dashboard_scrape,622,ccdecfd71e1589fb4ae4100cfd245e84f493be7a,VALID,
2026-10-03,08:40:42,2026,10,HEAD_TRUCK,163,71.17,online,N/A,ujb_dashboard_scrape,623,138597178e4ec048782943194222e1edee88c47e,VALID,
2026-10-03,08:37:51,2026,10,HEAD_TRUCK,207,69.07,online,N/A,ujb_dashboard_scrape,624,88e65f803c177475cee40b46260d06e4dbdf0bfc,VALID,
2026-10-03,08:33:56,2026,10,HEAD_TRUCK,182,68.11,online,N/A,ujb_dashboard_scrape,625,8f64b718874cf97d8e2a353f5871bb0d48ab73f1,VALID,
2026-10-03,08:32:21,2026,10,ELF,01,35.0,online,N/A,ujb_dashboard_scrape,626,5f2e10ee219ac5f276e79734c5f159dad9de765f,VALID,
2026-10-03,08:28:56,2026,10,HEAD_TRUCK,128,89.24,online,N/A,ujb_dashboard_scrape,627,5d610fa35213b5525f82a094ae1be55e3d15fb6e,VALID,
2026-10-03,08:28:34,2026,10,HEAD_TRUCK,183,97.35,online,N/A,ujb_dashboard_scrape,628,be87dec9bacff84d77126edb2f962624820361e8,VALID,
2026-10-03,08:25:14,2026,10,BUS,01,48.79,online,N/A,ujb_dashboard_scrape,629,d99a39a4215ff2b116d2a2f3d5420f7ad915fb6b,VALID,
2026-10-03,08:18:53,2026,10,HEAD_TRUCK,168,73.3,online,N/A,ujb_dashboard_scrape,630,3943afee12eae17c3c67df49a76b867646c946fa,VALID,
2026-10-03,08:18:50,2026,10,HEAD_TRUCK,175,53.87,online,N/A,ujb_dashboard_scrape,631,2706cdbb6ce6e813f7d6893821bfc7d7548de519,VALID,
2026-10-03,08:13:50,2026,10,HEAD_TRUCK,181,97.16,online,N/A,ujb_dashboard_scrape,632,8afb02dabfda585f98de22b43721f6b4bea2b7ab,VALID,
2026-10-03,08:12:40,2026,10,HEAD_TRUCK,165,71.88,online,N/A,ujb_dashboard_scrape,633,5f671fcae45fdfeddb13cb0226ccbeb3a940a351,VALID,
